mouse_number,1.-.-.-,1.1.-.-,1.1.1.-,1.1.1.1,1.1.1.100,1.1.1.103,1.1.1.127,1.1.1.133,1.1.1.136,1.1.1.14,1.1.1.157,1.1.1.159,1.1.1.169,1.1.1.17,1.1.1.179,1.1.1.193,1.1.1.205,1.1.1.22,1.1.1.23,1.1.1.25,1.1.1.261,1.1.1.267,1.1.1.27,1.1.1.271,1.1.1.28,1.1.1.281,1.1.1.287,1.1.1.29,1.1.1.290,1.1.1.3,1.1.1.304,1.1.1.31,1.1.1.335,1.1.1.336,1.1.1.337,1.1.1.343,1.1.1.346,1.1.1.350,1.1.1.363,1.1.1.367,1.1.1.37,1.1.1.371,1.1.1.38,1.1.1.399,1.1.1.40,1.1.1.408,1.1.1.409,1.1.1.41,1.1.1.42,1.1.1.44,1.1.1.49,1.1.1.58,1.1.1.6,1.1.1.61,1.1.1.65,1.1.1.69,1.1.1.76,1.1.1.77,1.1.1.85,1.1.1.86,1.1.1.88,1.1.1.94,1.1.1.95,1.1.3.15,1.1.5.12,1.1.5.3,1.1.5.4,1.1.98.6,1.11.1.24,1.11.1.26,1.11.1.28,1.11.1.5,1.11.1.6,1.12.1.3,1.12.1.5,1.12.98.4,1.12.99.6,1.13.11.24,1.13.11.81,1.13.12.16,1.14.-.-,1.14.13.113,1.15.1.1,1.15.1.2,1.16.3.1,1.16.3.2,1.17.1.1,1.17.1.8,1.17.1.9,1.17.4.1,1.17.7.1,1.17.7.3,1.17.7.4,1.17.98.-,1.17.98.3,1.17.98.4,1.17.99.6,1.18.1.2,1.19.1.1,1.2.1.10,1.2.1.11,1.2.1.12,1.2.1.3,1.2.1.38,1.2.1.41,1.2.1.70,1.2.1.8,1.2.1.87,1.2.1.88,1.2.3.3,1.2.5.1,1.2.7.-,1.2.7.1,1.2.7.11,1.2.7.3,1.2.7.4,1.2.7.5,1.2.7.8,1.20.4.1,1.21.4.1,1.21.4.2,1.21.4.3,1.21.4.4,1.21.98.3,1.3.1.-,1.3.1.10,1.3.1.106,1.3.1.12,1.3.1.14,1.3.1.20,1.3.1.31,1.3.1.34,1.3.1.38,1.3.1.54,1.3.1.76,1.3.1.9,1.3.1.98,1.3.5.1,1.3.5.2,1.3.5.4,1.3.8.1,1.3.8.7,1.3.98.3,1.3.98.6,1.3.99.33,1.3.99.4,1.4.1.1,1.4.1.13,1.4.1.16,1.4.1.2,1.4.1.4,1.4.3.16,1.4.3.5,1.4.4.2,1.5.1.2,1.5.1.28,1.5.1.3,1.5.1.5,1.5.1.54,1.5.1.7,1.5.5.-,1.5.5.2,1.6.1.2,1.7.1.13,1.7.1.17,1.7.2.2,1.7.5.1,1.7.99.-,1.7.99.1,1.8.1.18,1.8.1.2,1.8.1.4,1.8.1.8,1.8.1.9,1.8.4.10,1.8.4.11,1.8.4.12,1.8.4.14,1.8.4.16,1.8.4.8,1.8.5.3,1.8.5.5,1.8.5.6,1.8.7.3,1.8.98.4,1.8.98.5,1.8.98.6,1.9.6.1,1.97.1.-,1.97.1.4,2.1.1.-,2.1.1.104,2.1.1.107,2.1.1.113,2.1.1.13,2.1.1.130,2.1.1.131,2.1.1.132,2.1.1.133,2.1.1.14,2.1.1.144,2.1.1.148,2.1.1.151,2.1.1.163,2.1.1.17,2.1.1.170,2.1.1.171,2.1.1.172,2.1.1.173,2.1.1.176,2.1.1.177,2.1.1.178,2.1.1.182,2.1.1.185,2.1.1.187,2.1.1.190,2.1.1.191,2.1.1.192,2.1.1.193,2.1.1.195,2.1.1.196,2.1.1.198,2.1.1.199,2.1.1.201,2.1.1.207,2.1.1.21,2.1.1.217,2.1.1.219,2.1.1.220,2.1.1.223,2.1.1.226,2.1.1.227,2.1.1.228,2.1.1.264,2.1.1.271,2.1.1.272,2.1.1.289,2.1.1.297,2.1.1.33,2.1.1.350,2.1.1.37,2.1.1.45,2.1.1.63,2.1.1.71,2.1.1.72,2.1.1.74,2.1.1.79,2.1.1.80,2.1.2.1,2.1.2.10,2.1.2.11,2.1.2.2,2.1.2.3,2.1.2.5,2.1.2.9,2.1.3.10,2.1.3.15,2.1.3.2,2.1.3.3,2.1.3.6,2.1.4.1,2.10.1.1,2.2.1.1,2.2.1.2,2.2.1.6,2.2.1.7,2.2.1.9,2.3.1.-,2.3.1.1,2.3.1.117,2.3.1.129,2.3.1.136,2.3.1.157,2.3.1.168,2.3.1.179,2.3.1.18,2.3.1.180,2.3.1.181,2.3.1.187,2.3.1.19,2.3.1.191,2.3.1.201,2.3.1.234,2.3.1.241,2.3.1.266,2.3.1.267,2.3.1.269,2.3.1.274,2.3.1.275,2.3.1.28,2.3.1.286,2.3.1.29,2.3.1.30,2.3.1.31,2.3.1.35,2.3.1.39,2.3.1.40,2.3.1.46,2.3.1.47,2.3.1.48,2.3.1.51,2.3.1.54,2.3.1.57,2.3.1.61,2.3.1.78,2.3.1.79,2.3.1.8,2.3.1.81,2.3.1.9,2.3.2.-,2.3.2.10,2.3.2.13,2.3.2.16,2.3.2.3,2.3.2.5,2.3.2.6,2.3.3.1,2.3.3.10,2.3.3.13,2.3.3.3,2.4.-.-,2.4.1.-,2.4.1.1,2.4.1.109,2.4.1.12,2.4.1.129,2.4.1.144,2.4.1.152,2.4.1.161,2.4.1.18,2.4.1.182,2.4.1.187,2.4.1.20,2.4.1.21,2.4.1.211,2.4.1.227,2.4.1.25,2.4.1.280,2.4.1.281,2.4.1.287,2.4.1.288,2.4.1.289,2.4.1.292,2.4.1.315,2.4.1.319,2.4.1.320,2.4.1.336,2.4.1.337,2.4.1.345,2.4.1.4,2.4.1.52,2.4.1.64,2.4.1.65,2.4.1.7,2.4.1.8,2.4.1.83,2.4.2.1,2.4.2.10,2.4.2.14,2.4.2.17,2.4.2.18,2.4.2.19,2.4.2.2,2.4.2.21,2.4.2.22,2.4.2.28,2.4.2.29,2.4.2.3,2.4.2.7,2.4.2.8,2.4.2.9,2.4.99.12,2.4.99.13,2.4.99.14,2.4.99.15,2.4.99.16,2.4.99.17,2.5.1.1,2.5.1.10,2.5.1.101,2.5.1.105,2.5.1.143,2.5.1.145,2.5.1.15,2.5.1.16,2.5.1.17,2.5.1.19,2.5.1.21,2.5.1.29,2.5.1.3,2.5.1.31,2.5.1.32,2.5.1.47,2.5.1.48,2.5.1.49,2.5.1.54,2.5.1.55,2.5.1.6,2.5.1.61,2.5.1.7,2.5.1.72,2.5.1.74,2.5.1.75,2.5.1.78,2.5.1.9,2.5.1.97,2.6.1.-,2.6.1.1,2.6.1.102,2.6.1.11,2.6.1.13,2.6.1.16,2.6.1.17,2.6.1.2,2.6.1.42,2.6.1.52,2.6.1.59,2.6.1.62,2.6.1.66,2.6.1.83,2.6.1.85,2.6.1.9,2.6.1.98,2.6.99.2,2.7.1.-,2.7.1.107,2.7.1.11,2.7.1.12,2.7.1.121,2.7.1.130,2.7.1.144,2.7.1.148,2.7.1.15,2.7.1.156,2.7.1.16,2.7.1.165,2.7.1.167,2.7.1.17,2.7.1.172,2.7.1.180,2.7.1.187,2.7.1.191,2.7.1.193,2.7.1.194,2.7.1.196,2.7.1.197,2.7.1.199,2.7.1.2,2.7.1.200,2.7.1.201,2.7.1.202,2.7.1.203,2.7.1.205,2.7.1.207,2.7.1.208,2.7.1.21,2.7.1.211,2.7.1.218,2.7.1.219,2.7.1.220,2.7.1.221,2.7.1.227,2.7.1.23,2.7.1.24,2.7.1.25,2.7.1.26,2.7.1.30,2.7.1.33,2.7.1.35,2.7.1.36,2.7.1.39,2.7.1.4,2.7.1.40,2.7.1.45,2.7.1.48,2.7.1.49,2.7.1.5,2.7.1.50,2.7.1.51,2.7.1.52,2.7.1.53,2.7.1.56,2.7.1.59,2.7.1.6,2.7.1.63,2.7.1.71,2.7.1.85,2.7.1.89,2.7.1.90,2.7.1.92,2.7.10.3,2.7.11.-,2.7.11.1,2.7.11.33,2.7.13.3,2.7.14.1,2.7.2.1,2.7.2.11,2.7.2.18,2.7.2.2,2.7.2.3,2.7.2.4,2.7.2.7,2.7.2.8,2.7.3.13,2.7.3.9,2.7.4.-,2.7.4.1,2.7.4.16,2.7.4.2,2.7.4.22,2.7.4.25,2.7.4.28,2.7.4.3,2.7.4.33,2.7.4.6,2.7.4.7,2.7.4.8,2.7.4.9,2.7.6.1,2.7.6.2,2.7.6.3,2.7.6.5,2.7.7.-,2.7.7.101,2.7.7.103,2.7.7.12,2.7.7.13,2.7.7.18,2.7.7.19,2.7.7.2,2.7.7.23,2.7.7.24,2.7.7.27,2.7.7.3,2.7.7.30,2.7.7.33,2.7.7.38,2.7.7.39,2.7.7.4,2.7.7.40,2.7.7.41,2.7.7.42,2.7.7.49,2.7.7.56,2.7.7.59,2.7.7.6,2.7.7.60,2.7.7.62,2.7.7.65,2.7.7.66,2.7.7.7,2.7.7.70,2.7.7.72,2.7.7.77,2.7.7.8,2.7.7.81,2.7.7.82,2.7.7.83,2.7.7.85,2.7.7.87,2.7.7.89,2.7.7.9,2.7.8.-,2.7.8.12,2.7.8.13,2.7.8.20,2.7.8.26,2.7.8.33,2.7.8.35,2.7.8.36,2.7.8.41,2.7.8.5,2.7.8.7,2.7.8.8,2.7.9.1,2.7.9.3,2.7.9.6,2.8.1.10,2.8.1.13,2.8.1.4,2.8.1.6,2.8.1.7,2.8.1.8,2.8.3.-,2.8.3.1,2.8.3.12,2.8.3.19,2.8.3.21,2.8.3.27,2.8.4.3,2.8.4.4,2.8.4.5,2.9.1.1,3.1.-.-,3.1.1.-,3.1.1.1,3.1.1.106,3.1.1.117,3.1.1.2,3.1.1.29,3.1.1.3,3.1.1.31,3.1.1.32,3.1.1.4,3.1.1.41,3.1.1.5,3.1.1.53,3.1.1.61,3.1.1.83,3.1.1.85,3.1.1.96,3.1.11.2,3.1.11.5,3.1.11.6,3.1.12.1,3.1.13.1,3.1.13.3,3.1.13.5,3.1.2.-,3.1.2.2,3.1.2.28,3.1.2.29,3.1.2.6,3.1.21.-,3.1.21.10,3.1.21.2,3.1.21.3,3.1.21.4,3.1.21.5,3.1.26.-,3.1.26.11,3.1.26.12,3.1.26.3,3.1.26.4,3.1.26.5,3.1.26.8,3.1.3.-,3.1.3.1,3.1.3.100,3.1.3.104,3.1.3.11,3.1.3.15,3.1.3.16,3.1.3.18,3.1.3.2,3.1.3.21,3.1.3.25,3.1.3.27,3.1.3.3,3.1.3.48,3.1.3.5,3.1.3.6,3.1.3.7,3.1.3.82,3.1.3.83,3.1.3.85,3.1.3.89,3.1.3.90,3.1.3.97,3.1.30.1,3.1.31.1,3.1.4.-,3.1.4.16,3.1.4.46,3.1.4.52,3.1.4.55,3.1.4.57,3.1.4.58,3.1.4.59,3.1.5.1,3.1.6.-,3.1.6.1,3.1.7.2,3.10.1.1,3.13.1.8,3.2.1.-,3.2.1.1,3.2.1.10,3.2.1.122,3.2.1.133,3.2.1.135,3.2.1.17,3.2.1.172,3.2.1.177,3.2.1.18,3.2.1.20,3.2.1.21,3.2.1.22,3.2.1.23,3.2.1.24,3.2.1.25,3.2.1.26,3.2.1.3,3.2.1.31,3.2.1.35,3.2.1.37,3.2.1.4,3.2.1.40,3.2.1.41,3.2.1.45,3.2.1.50,3.2.1.51,3.2.1.52,3.2.1.54,3.2.1.55,3.2.1.68,3.2.1.70,3.2.1.78,3.2.1.80,3.2.1.85,3.2.1.86,3.2.1.89,3.2.1.93,3.2.1.94,3.2.1.96,3.2.2.-,3.2.2.2,3.2.2.20,3.2.2.21,3.2.2.23,3.2.2.24,3.2.2.27,3.2.2.3,3.2.2.31,3.2.2.9,3.3.1.1,3.4.-.-,3.4.11.-,3.4.11.18,3.4.11.19,3.4.11.2,3.4.11.21,3.4.11.4,3.4.11.5,3.4.11.9,3.4.13.-,3.4.13.19,3.4.13.22,3.4.13.23,3.4.13.9,3.4.14.11,3.4.14.13,3.4.14.4,3.4.14.5,3.4.15.5,3.4.16.4,3.4.17.-,3.4.17.13,3.4.17.14,3.4.17.19,3.4.19.1,3.4.19.3,3.4.21.-,3.4.21.102,3.4.21.105,3.4.21.107,3.4.21.116,3.4.21.26,3.4.21.53,3.4.21.83,3.4.21.88,3.4.21.89,3.4.21.92,3.4.21.96,3.4.22.40,3.4.22.70,3.4.22.71,3.4.23.-,3.4.23.36,3.4.23.43,3.4.23.51,3.4.24.-,3.4.24.78,3.5.-.-,3.5.1.-,3.5.1.1,3.5.1.104,3.5.1.108,3.5.1.119,3.5.1.124,3.5.1.18,3.5.1.19,3.5.1.2,3.5.1.23,3.5.1.25,3.5.1.26,3.5.1.28,3.5.1.4,3.5.1.42,3.5.1.44,3.5.1.47,3.5.1.5,3.5.1.53,3.5.1.81,3.5.1.88,3.5.1.9,3.5.2.10,3.5.2.14,3.5.2.3,3.5.2.6,3.5.2.7,3.5.2.9,3.5.3.11,3.5.3.12,3.5.3.18,3.5.3.6,3.5.4.10,3.5.4.12,3.5.4.13,3.5.4.16,3.5.4.19,3.5.4.2,3.5.4.25,3.5.4.26,3.5.4.28,3.5.4.3,3.5.4.31,3.5.4.33,3.5.4.4,3.5.4.5,3.5.4.9,3.5.99.-,3.5.99.10,3.5.99.2,3.5.99.5,3.5.99.6,3.6.-.-,3.6.1.-,3.6.1.1,3.6.1.11,3.6.1.12,3.6.1.13,3.6.1.22,3.6.1.23,3.6.1.27,3.6.1.31,3.6.1.40,3.6.1.54,3.6.1.55,3.6.1.57,3.6.1.66,3.6.1.69,3.6.3.-,3.6.4.-,3.6.4.13,3.6.5.-,3.6.5.4,3.7.1.12,3.7.1.22,3.7.1.3,3.9.1.2,4.1.1.101,4.1.1.11,4.1.1.12,4.1.1.15,4.1.1.19,4.1.1.20,4.1.1.23,4.1.1.31,4.1.1.32,4.1.1.33,4.1.1.35,4.1.1.36,4.1.1.37,4.1.1.44,4.1.1.48,4.1.1.49,4.1.1.5,4.1.1.65,4.1.1.8,4.1.1.81,4.1.1.82,4.1.1.96,4.1.2.13,4.1.2.14,4.1.2.17,4.1.2.19,4.1.2.22,4.1.2.25,4.1.2.4,4.1.2.40,4.1.2.43,4.1.2.48,4.1.2.50,4.1.2.52,4.1.2.9,4.1.3.27,4.1.3.3,4.1.3.36,4.1.3.39,4.1.3.42,4.1.99.12,4.1.99.17,4.1.99.19,4.1.99.22,4.2.1.-,4.2.1.1,4.2.1.10,4.2.1.11,4.2.1.115,4.2.1.120,4.2.1.126,4.2.1.135,4.2.1.136,4.2.1.167,4.2.1.17,4.2.1.172,4.2.1.19,4.2.1.2,4.2.1.20,4.2.1.22,4.2.1.24,4.2.1.28,4.2.1.3,4.2.1.33,4.2.1.35,4.2.1.45,4.2.1.46,4.2.1.47,4.2.1.49,4.2.1.51,4.2.1.53,4.2.1.59,4.2.1.7,4.2.1.75,4.2.1.8,4.2.1.85,4.2.1.9,4.2.2.-,4.2.3.1,4.2.3.12,4.2.3.3,4.2.3.4,4.2.3.5,4.2.99.18,4.3.1.1,4.3.1.17,4.3.1.18,4.3.1.19,4.3.1.3,4.3.1.4,4.3.2.1,4.3.2.10,4.3.2.2,4.3.2.3,4.3.2.9,4.3.3.6,4.3.3.7,4.3.99.3,4.3.99.4,4.4.1.1,4.4.1.13,4.4.1.16,4.4.1.21,4.4.1.37,4.4.1.5,4.6.1.12,4.6.1.17,4.6.1.24,4.98.1.1,4.99.1.12,4.99.1.3,4.99.1.9,5.1.-.-,5.1.1.1,5.1.1.13,5.1.1.20,5.1.1.3,5.1.1.4,5.1.1.7,5.1.2.1,5.1.2.7,5.1.3.-,5.1.3.1,5.1.3.11,5.1.3.13,5.1.3.14,5.1.3.15,5.1.3.2,5.1.3.20,5.1.3.22,5.1.3.29,5.1.3.3,5.1.3.30,5.1.3.31,5.1.3.4,5.1.3.41,5.1.3.6,5.1.3.7,5.1.3.8,5.1.3.9,5.1.99.1,5.1.99.6,5.1.99.8,5.2.1.1,5.2.1.8,5.3.1.1,5.3.1.12,5.3.1.13,5.3.1.14,5.3.1.15,5.3.1.16,5.3.1.17,5.3.1.23,5.3.1.24,5.3.1.25,5.3.1.26,5.3.1.27,5.3.1.28,5.3.1.3,5.3.1.30,5.3.1.31,5.3.1.33,5.3.1.4,5.3.1.5,5.3.1.6,5.3.1.8,5.3.1.9,5.3.2.6,5.3.3.17,5.3.3.2,5.3.3.3
6,369,21,748,51,343,119,70,70,116,14,90,0,202,24,12,242,442,143,294,212,2,260,336,152,266,12,0,58,2,304,10,6,74,2,15,51,179,2,17,6,76,22,172,451,36,0,0,2,290,51,17,13,8,49,299,2,10,48,260,213,11,243,451,345,15,207,1,975,151,5,0,172,224,12,0,13,135,84,22,74,2,1,104,28,29,42,63,152,2,723,365,365,223,2,2,2,245,23,23,38,215,284,0,238,329,97,6,60,250,0,172,1046,1072,22,26,0,2,132,33,10,66,29,18,10,95,68,26,271,168,6,50,6,95,26,58,96,696,472,111,518,321,321,308,172,6,2,15,1333,251,0,306,234,91,396,224,0,75,196,328,119,4,249,10,50,2,5,11,11,57,60,167,186,72,265,48,223,144,56,0,48,38,2,0,16,16,23,25,7,0,720,451,30,834,6,689,5,6,27,7,356,152,10,5,101,7,124,169,46,3,320,104,12,329,159,147,641,464,271,185,7,42,189,396,101,98,97,44,4,4,131,151,151,152,1,7,6,27,268,143,5,232,150,152,7,1003,137,24,61,426,163,75,158,462,5,308,2,174,213,229,21,5,4,677,6,688,408,164,629,309,5,58,0,159,2,233,6,155,129,0,6,112,77,329,178,85,229,195,131,265,123,100,71,260,231,279,110,216,231,143,8,422,362,176,122,211,307,109,30,185,6,0,38,0,38,60,42,96,12,557,35,347,708,952,10,252,446,11,120,3,576,103,180,64,192,135,416,717,134,2,26,22,68,9,5,1,1,24,208,2,54,35,63,120,78,20,14,321,161,711,188,493,70,27,155,18,160,141,112,70,141,185,112,112,112,112,25,189,2,2,2,22,96,213,166,24,60,333,72,2,119,167,114,289,18,642,344,133,296,107,337,144,97,244,79,115,51,321,209,7,489,0,360,489,5,247,152,157,114,165,226,39,273,110,92,905,237,622,21,140,125,84,211,212,76,78,154,189,106,46,215,0,14,208,22,258,174,372,283,62,67,100,8,258,234,436,19,169,5,0,0,92,3,189,248,4,268,423,234,63,18,95,261,594,128,25,35,141,77,106,55,39,207,11,244,3,182,18,103,591,20,205,209,925,2,2972,149,191,149,271,84,415,139,19,200,0,278,209,568,124,10,224,149,2,151,37,65,35,134,157,433,55,76,433,34,599,0,14,172,217,179,268,223,200,270,121,55,19,67,168,221,0,240,3,2794,66,19,3284,48,76,241,2,4579,189,414,2,533,22,6,64,226,225,3,189,1013,345,330,390,105,131,131,6,1,147,40,118,652,0,39,160,258,262,113,508,96,18,130,0,1,0,191,411,319,198,2,3518,377,7,137,130,257,153,34,64,1,1,6,283,331,60,46,4,112,269,387,290,56,453,240,172,466,257,58,25,19,336,88,201,695,51,36,253,71,15,204,331,70,55,532,190,193,267,123,473,350,690,29,0,60,103,186,247,28,1,240,79,79,1,1,66,168,1,101,554,54,158,2,142,1,32,337,168,17,18,340,0,21,0,278,144,16,90,90,4,311,15,298,12,218,1362,2748,3,30,108,0,8,823,24,92,4,201,25,456,1489,2414,90,90,4,29,0,722,153,922,26,45,0,4,132,3,94,10,79,6,372,3,279,95,318,1531,371,248,84,11,205,280,9,263,87,169,65,5,65,21,6,0,0,4,1533,5,146,272,0,10,9,48,366,22,119,35,2,559,14,21,372,206,87,56,234,303,99,198,128,0,2862,25,6,51,134,447,273,2,212,27,4,125,8,412,88,1115,341,357,85,12,14,75,0,190,7,13,1,168,176,0,9,0,114,0,21,491,108,45,155,141,137,457,242,196,5,196,135,164,70,202,13,59,6,0,236,354,589,430,29,0,50,39,102,203,43,29,453,168,64,238,12,325,19,1579,370,322,9,1,4,20,12,38,1,163,69,362,147,33,265,11,118,236,75,371,79,104,4,80,63,319,5,127,428,107,107,8,44,42,136,48,108,258,62,11,44,800,229,88,52,89,210,182,135,4,115,11,17,597,38,53,140,1,324,8,188,12,67,438,699,12,128,18,300,491,491,39,247,106,15,356,200,284,20,835,21,33,430,12,203,62,12,272,277,303,6,329,0,440,1,5,386,323,382,32,6,63,204,87,11,12,443,157,60,90,4,54,0,0,12,201,4,12,4,456,4,7,65,5,244,41,0,51,109,1,31,16,76,510,125,25,59,231,24,24,150,0,20,13,81,159,44,283,22,0,615,282,14,130,50,24,77,0,13,549,248,2,110,96,248,33,71,0,120,10,246,676,444,1,66,149,53
9,458,23,1045,22,391,68,185,111,344,20,221,10,252,12,2,243,491,57,428,322,21,399,515,89,105,18,17,19,7,280,0,6,151,28,5,4,135,1,2,23,58,17,309,614,28,2,2,0,341,4,2,4,2,5,111,9,0,3,201,261,0,279,614,436,19,352,0,1443,228,5,0,104,78,55,8,2,63,16,9,53,0,0,53,66,8,42,22,232,26,930,289,289,163,37,8,37,165,13,13,37,320,257,0,290,388,48,0,19,98,2,131,1088,1127,80,89,3,14,98,33,21,74,36,36,2,43,18,29,306,264,2,63,0,43,29,132,52,690,303,48,405,673,674,323,86,15,13,30,1736,212,0,278,119,75,240,209,6,121,259,406,83,9,98,10,30,8,13,0,0,169,30,43,92,24,265,27,208,107,116,10,27,84,37,14,11,11,11,19,20,5,947,248,21,694,0,905,11,19,26,8,120,133,22,11,48,8,169,165,112,38,347,150,10,358,159,287,1041,368,272,249,13,52,290,284,48,91,80,92,0,0,152,189,189,198,12,8,19,26,278,185,40,186,169,162,8,853,303,9,38,506,78,39,172,556,16,262,2,118,200,299,44,13,9,952,9,729,632,120,455,413,2,40,18,265,1,182,6,115,34,10,6,67,161,380,82,155,244,67,74,455,189,194,41,295,245,403,71,120,245,86,26,212,218,314,28,117,274,55,44,322,1,0,18,0,2,50,36,65,3,630,5,296,657,1456,7,579,203,8,59,16,684,46,70,21,270,48,362,1208,118,0,38,27,43,13,4,7,7,1,527,2,32,52,97,59,128,4,26,471,219,1288,197,430,45,2,84,11,224,135,209,115,179,174,60,60,60,60,12,143,24,24,7,9,45,222,85,46,41,512,32,24,86,218,48,254,8,899,304,56,382,49,373,52,62,264,92,101,14,295,143,3,723,0,518,723,4,346,233,69,44,52,111,88,325,338,46,1454,413,655,2,43,103,46,313,303,52,16,336,85,93,12,261,0,22,65,3,529,420,118,171,120,47,110,1,529,507,608,14,159,23,12,12,62,7,192,258,2,286,905,381,41,2,197,217,689,270,11,30,127,64,70,6,29,270,10,125,0,267,4,172,684,8,130,292,854,2,2868,57,250,212,359,49,427,122,12,227,13,307,292,632,70,0,234,160,2,188,56,13,30,168,206,392,90,42,521,18,556,19,8,190,426,139,286,286,139,401,134,6,20,32,141,99,6,273,4,5112,24,1,3776,30,52,116,3,5832,85,609,10,804,21,5,21,237,192,4,68,1547,819,286,314,69,253,253,0,9,196,22,66,815,7,60,94,345,393,42,494,76,1,350,23,2,5,132,459,448,325,17,3994,324,1,254,99,166,176,11,26,15,15,8,177,494,41,47,10,137,234,507,486,30,446,260,71,347,166,111,63,41,356,125,226,1371,30,66,109,58,6,209,397,94,128,758,87,236,365,98,773,275,467,81,0,20,42,134,352,16,11,260,28,28,1,0,201,421,7,26,698,35,456,28,88,18,124,566,198,17,9,440,11,1,17,124,29,1,49,65,52,164,14,172,6,332,1532,1292,22,20,35,33,3,327,9,244,40,463,10,190,699,1540,49,95,0,14,9,1658,351,1912,16,33,29,0,153,2,36,3,146,4,307,2,314,198,162,1904,222,327,172,4,440,299,5,446,69,234,57,4,36,0,0,27,9,50,927,4,272,581,1,36,0,174,422,20,231,27,10,1270,6,10,515,95,137,58,362,445,52,137,65,8,2632,22,0,44,256,526,95,4,354,5,2,56,8,403,201,1165,319,210,60,4,25,44,2,251,23,8,17,270,302,1,3,0,100,2,33,574,129,117,87,112,423,235,243,76,10,76,111,236,70,271,10,101,3,20,360,288,567,830,20,0,78,68,113,209,37,20,233,182,46,171,4,137,0,1185,443,403,14,1,3,12,14,27,21,65,47,397,218,13,104,0,60,417,175,234,207,103,4,49,22,158,16,63,375,151,68,19,11,14,215,40,123,249,45,10,11,808,334,52,42,149,80,93,63,6,99,5,28,488,48,9,298,0,466,31,299,17,122,428,703,3,60,2,144,461,461,27,217,91,26,153,312,127,10,699,25,20,474,49,357,45,41,357,378,504,8,472,7,356,28,8,434,421,417,5,14,38,198,41,21,6,427,53,104,44,2,150,1,18,12,84,15,12,0,505,9,7,138,18,278,21,0,58,106,2,58,3,42,688,63,8,21,374,23,23,132,27,15,10,49,412,29,403,9,6,650,263,42,83,36,25,179,13,15,652,94,4,103,51,94,94,14,17,74,8,177,1104,516,9,35,79,9
7,298,10,655,27,245,42,84,85,175,10,114,0,219,17,8,121,391,58,265,221,0,246,275,45,136,7,3,25,4,221,0,6,93,7,8,23,122,0,18,2,51,7,161,375,18,6,6,2,299,23,18,2,0,7,117,1,0,37,169,171,2,180,375,287,17,243,2,872,180,8,2,88,61,43,10,2,78,41,2,46,0,0,48,39,6,28,23,147,8,611,243,243,136,2,6,2,122,35,35,28,192,192,2,170,244,31,3,33,141,2,100,722,757,56,62,0,3,60,19,4,45,21,19,0,44,19,21,180,173,8,29,0,44,21,69,47,472,230,43,282,371,371,206,68,5,6,25,1088,173,1,170,96,65,169,152,0,74,184,292,49,2,139,22,34,0,8,3,3,49,25,59,85,24,194,17,159,70,48,0,17,52,19,6,17,17,18,24,17,4,574,203,10,465,0,588,4,8,22,6,131,98,4,4,38,0,134,122,81,12,245,95,5,259,117,171,713,298,188,158,8,43,189,205,38,78,56,86,7,7,114,132,132,129,12,6,8,22,198,118,14,91,111,122,0,643,160,17,22,358,53,24,111,411,12,193,1,57,143,150,16,10,0,511,8,481,400,76,404,268,8,21,5,148,0,171,2,79,52,6,8,47,69,255,86,67,161,73,65,268,105,79,43,188,199,254,48,102,199,62,7,166,211,179,38,80,179,50,27,146,16,0,42,2,20,34,32,39,3,408,5,193,496,899,30,326,162,15,38,16,464,36,89,77,134,62,293,784,78,0,45,45,37,4,4,0,0,10,351,4,30,49,71,38,89,0,21,270,134,727,118,349,57,0,73,13,140,92,162,60,129,117,32,32,32,32,27,81,4,4,3,6,44,157,82,15,20,296,36,4,86,130,24,214,19,567,258,60,230,36,214,57,28,170,46,69,26,196,166,0,440,2,319,440,13,201,156,72,37,69,91,45,200,193,44,833,262,422,3,60,71,38,202,155,28,8,199,89,64,17,181,0,20,54,7,233,216,93,138,65,48,96,0,233,316,335,6,77,18,4,4,42,3,121,138,0,194,503,193,43,2,84,171,461,124,10,44,52,61,37,21,17,152,9,118,8,190,3,85,435,5,92,192,616,9,1916,46,183,148,230,37,307,63,24,169,0,190,192,458,62,6,141,112,9,107,26,14,44,105,120,297,55,24,330,9,371,6,4,139,237,96,194,168,113,262,106,21,16,14,93,81,7,144,33,2948,66,8,2711,21,28,95,1,3733,89,362,2,442,32,2,20,126,135,33,65,1016,555,232,214,37,154,154,0,7,117,17,61,549,3,49,52,198,197,27,282,30,12,186,0,0,9,53,280,253,179,24,2413,231,2,143,75,122,123,25,30,8,8,2,155,269,38,28,3,57,170,294,266,38,261,154,62,267,122,45,42,21,245,54,146,809,24,48,105,62,21,130,345,64,80,467,98,115,225,54,490,198,340,28,6,14,44,45,225,7,5,154,23,23,9,0,148,252,1,30,426,21,296,4,92,0,94,301,116,6,17,271,5,2,1,115,48,0,41,44,12,152,11,120,30,173,1061,1114,5,38,37,12,2,343,51,134,10,207,23,167,586,1247,41,51,15,14,6,940,190,1141,10,15,3,5,104,13,46,0,100,29,226,13,220,108,127,1241,206,245,106,16,263,195,3,239,56,162,35,3,29,3,8,5,0,14,756,2,143,298,0,16,6,97,288,19,149,20,3,759,24,22,336,95,135,55,282,230,47,104,41,2,1823,19,0,33,142,353,82,15,244,16,13,48,0,317,72,715,246,208,44,0,8,33,9,162,23,12,1,224,128,2,0,1,76,0,32,429,90,72,70,51,215,207,121,72,12,72,76,144,46,198,15,62,7,2,212,241,359,474,22,3,59,67,73,148,14,22,226,125,45,132,12,164,16,962,245,256,10,4,7,11,7,16,10,26,37,291,170,36,72,0,44,219,102,187,155,59,4,40,27,178,8,54,241,113,64,12,20,4,140,18,76,292,14,6,20,611,172,47,14,98,75,69,43,1,70,18,23,378,32,20,164,0,270,2,218,20,86,334,525,0,73,0,117,357,357,20,132,61,16,160,199,96,2,467,4,12,294,20,221,14,25,237,303,312,14,255,6,292,3,12,293,257,276,11,8,38,173,45,8,9,229,45,59,32,1,70,0,14,7,52,9,7,0,339,4,4,90,8,191,23,0,40,98,0,45,2,59,338,47,12,32,219,24,24,127,9,8,8,35,188,23,254,2,6,330,206,2,54,39,20,102,3,7,532,102,11,75,30,102,53,34,5,64,19,139,667,334,4,52,102,20
8,408,2,882,100,355,25,166,133,251,35,217,0,280,34,25,202,423,35,343,266,2,334,551,34,84,2,15,11,9,314,5,11,214,16,4,62,171,4,46,1,41,6,272,575,21,11,11,2,313,62,46,1,6,6,71,2,5,28,147,229,4,241,575,456,17,355,2,1190,219,5,6,24,52,41,13,4,26,15,11,28,2,0,21,60,6,18,52,208,10,931,218,218,160,29,3,29,95,65,65,96,278,251,0,233,362,21,4,13,59,4,24,810,834,71,117,2,5,69,17,26,93,39,39,0,12,21,30,266,241,25,24,0,12,30,154,45,621,172,55,238,766,768,277,32,6,10,30,1622,149,2,206,75,82,89,226,8,103,284,411,28,3,53,38,15,6,6,8,8,152,1,17,42,12,354,9,143,38,121,6,9,102,24,2,25,25,27,30,11,9,903,107,11,568,0,758,23,7,32,7,113,126,13,23,18,2,242,134,116,16,289,123,8,314,141,267,1033,312,247,229,16,63,271,258,18,56,27,96,2,2,181,219,219,128,2,7,7,32,306,147,35,99,201,162,2,645,252,23,20,410,23,18,160,486,7,264,2,93,178,306,50,12,5,940,11,627,528,61,436,336,9,28,19,309,2,86,0,72,12,5,0,30,161,312,59,137,210,20,31,458,116,153,21,226,195,323,57,39,195,56,9,88,183,301,24,32,169,45,42,268,36,0,65,0,59,12,10,39,7,546,13,166,486,1410,46,580,164,0,18,5,656,34,28,59,272,24,338,1233,41,0,44,104,5,2,1,2,2,57,477,24,14,84,19,18,158,36,30,432,207,1247,176,364,17,11,40,16,206,80,192,110,188,120,17,17,17,17,48,76,6,6,2,10,13,178,31,3,16,420,34,6,79,180,18,210,48,810,275,19,339,33,356,27,47,276,79,75,18,219,128,1,624,0,539,624,31,369,238,44,22,45,54,84,229,304,22,1330,378,562,19,40,37,26,243,303,24,10,337,53,76,9,228,0,4,65,6,475,390,96,78,133,22,56,2,475,532,623,5,128,21,26,26,31,6,143,200,4,297,787,288,59,7,232,229,742,211,3,57,65,41,17,19,16,298,4,107,8,280,23,189,610,9,61,183,793,4,2511,18,267,255,407,24,404,39,17,186,15,270,183,577,29,8,193,119,4,190,48,13,57,173,212,438,122,31,594,7,454,15,30,73,361,105,297,323,97,431,94,19,38,17,107,31,6,189,32,5102,27,66,3721,15,24,48,2,5652,53,504,1,607,7,3,14,222,166,32,65,1444,847,308,317,31,292,292,1,5,191,11,42,713,9,32,29,332,387,19,397,40,13,387,7,2,8,47,405,359,270,13,3509,367,5,274,24,54,119,23,34,1,1,0,93,527,19,15,1,115,211,554,419,8,361,227,45,173,54,78,76,29,310,93,145,1114,6,62,85,27,40,207,400,50,153,679,34,196,369,39,775,239,362,51,10,13,28,46,375,25,0,229,19,19,15,0,200,400,0,22,548,12,487,19,29,14,116,498,97,3,1,524,2,8,0,110,75,2,29,31,29,70,13,86,47,224,1544,714,24,104,64,5,5,173,65,209,16,434,32,43,316,731,29,78,23,8,5,1575,318,1782,16,7,0,5,162,4,26,5,192,57,219,4,277,242,76,1770,93,231,212,66,397,273,7,415,44,222,14,11,52,23,4,2,10,23,516,0,217,607,1,28,26,113,329,15,235,2,5,1274,33,28,410,107,87,89,403,406,19,141,19,4,2116,8,0,61,247,541,50,24,348,56,16,26,2,335,207,809,389,97,27,8,3,25,2,278,15,6,1,274,254,2,4,2,21,4,45,492,121,161,53,67,456,170,202,34,2,34,75,225,82,291,6,92,13,4,258,311,505,844,53,2,124,69,170,188,18,53,88,166,7,108,20,74,27,964,367,330,27,6,7,13,12,10,7,32,28,315,225,63,32,1,24,319,181,187,215,47,8,28,103,82,0,26,268,189,36,14,61,17,216,13,153,264,12,4,61,766,227,41,43,176,51,48,24,4,118,20,18,417,9,13,229,0,424,6,334,27,132,349,641,19,40,0,132,439,439,17,130,21,14,83,401,77,4,572,11,2,368,31,375,12,26,415,363,415,17,420,23,375,11,7,404,359,354,17,3,31,223,16,32,3,343,46,121,22,6,154,2,33,17,49,21,17,0,470,10,7,110,17,225,8,2,9,137,0,36,31,24,552,17,11,27,301,4,4,171,11,2,0,25,352,12,405,11,3,414,264,4,39,40,26,159,0,16,581,57,4,117,20,57,108,44,18,71,8,135,958,455,8,10,29,13
5,53,2,115,6,57,1,13,18,28,3,27,0,22,10,0,23,46,3,50,27,0,38,80,3,8,0,5,9,2,40,3,1,20,0,3,2,26,0,2,1,1,2,45,54,9,1,1,1,36,2,2,2,2,2,1,3,3,6,26,31,1,27,54,44,0,57,0,156,32,1,0,0,3,3,1,0,1,0,2,9,0,0,4,4,1,6,13,38,1,90,16,16,14,4,1,4,6,3,3,6,27,28,0,32,40,6,0,7,0,0,0,91,95,17,18,0,2,27,0,1,10,4,4,2,0,0,8,34,39,0,6,0,0,8,19,8,58,1,1,12,77,78,30,2,1,1,8,154,23,0,42,4,7,5,28,2,13,32,40,0,0,0,0,0,0,2,1,1,21,1,0,3,0,32,0,12,2,12,1,0,14,0,2,2,2,3,4,4,1,109,13,4,59,0,89,1,2,8,0,0,25,1,1,3,0,28,18,19,3,30,22,3,37,17,23,131,34,21,26,5,16,37,25,3,8,17,17,1,1,16,31,31,11,1,0,2,8,33,17,5,53,26,12,0,95,27,1,1,57,1,2,21,68,0,19,0,24,28,27,4,7,0,133,0,72,48,0,46,55,0,0,1,35,0,12,0,11,0,4,1,0,17,50,0,19,32,0,5,47,28,22,1,18,19,47,8,0,19,2,3,3,27,34,0,0,20,11,8,34,5,1,6,0,4,0,0,0,0,64,7,36,45,175,2,58,41,0,0,3,89,2,0,6,35,10,43,123,18,0,6,11,5,0,0,0,0,1,50,0,9,5,8,0,13,3,1,53,28,133,22,27,0,0,2,7,17,12,23,15,24,31,1,1,1,1,1,9,0,0,0,2,4,20,9,1,5,56,0,0,7,27,0,23,3,97,27,0,46,9,63,4,0,38,5,6,5,37,11,3,66,0,63,66,2,30,32,6,0,2,9,6,26,41,1,155,48,71,1,13,0,10,40,37,1,7,50,0,15,6,30,1,0,16,1,71,45,27,8,18,0,12,1,71,43,72,3,23,0,0,0,3,0,30,20,0,32,117,26,4,0,18,24,64,48,3,7,30,7,0,9,6,29,0,10,1,29,1,14,71,2,8,32,81,0,385,0,21,27,63,7,35,2,2,26,3,41,32,55,0,0,23,19,0,37,11,0,7,19,19,45,8,6,87,0,59,0,1,10,29,4,32,39,17,55,16,9,9,3,11,2,0,23,2,607,0,3,382,12,1,23,0,695,0,53,3,78,2,1,4,33,25,2,1,209,68,24,31,2,38,38,0,0,18,2,2,56,1,9,0,30,41,5,44,0,2,28,0,0,0,0,43,51,31,10,419,39,0,50,1,3,17,7,1,1,1,0,4,40,9,1,1,13,29,76,41,1,52,14,0,25,3,21,10,2,33,19,18,183,0,11,12,4,0,16,38,11,18,79,1,30,55,13,99,34,36,11,0,2,3,5,45,3,1,14,0,0,0,0,18,56,1,0,56,0,66,5,3,2,8,70,14,0,2,77,1,2,0,5,17,1,16,16,8,2,3,5,6,55,160,100,4,11,13,5,0,2,0,21,10,43,2,2,5,55,16,17,0,4,1,172,39,217,0,3,1,0,16,0,0,1,20,5,28,0,40,19,6,238,12,41,22,0,49,29,0,37,5,21,0,1,4,0,1,0,1,6,100,3,24,84,2,7,0,16,51,1,28,6,1,133,0,7,63,15,24,8,50,73,4,14,1,0,294,7,1,5,37,55,3,4,44,3,1,0,0,48,28,130,43,18,11,0,1,1,0,28,3,2,0,53,36,0,0,0,0,2,1,71,12,28,5,3,57,15,23,9,0,9,13,18,15,32,0,9,1,0,45,42,57,95,4,0,12,20,20,23,0,4,1,14,6,15,0,4,0,79,30,37,1,0,2,0,1,1,2,2,6,22,36,1,0,0,0,48,22,16,33,16,0,2,7,3,0,0,56,32,5,0,0,4,29,6,19,22,0,0,0,45,19,1,7,32,4,8,2,1,15,3,2,36,7,4,31,0,33,1,26,2,15,38,73,2,7,2,0,51,51,9,20,5,0,7,36,10,1,63,4,1,61,2,38,0,8,55,61,61,4,51,7,31,4,0,31,38,54,1,1,5,16,1,5,3,27,3,6,5,0,30,2,8,1,9,2,1,0,61,1,2,23,1,26,4,0,7,17,1,11,2,0,60,0,1,2,33,7,7,23,5,0,0,0,58,0,29,2,0,48,30,2,11,9,7,16,1,0,72,13,3,16,7,13,17,10,1,12,1,21,144,40,2,1,0,4
13,248,9,471,31,189,7,69,94,95,25,107,16,121,48,25,119,237,15,178,111,0,207,252,23,46,4,7,27,15,214,5,2,51,12,28,22,131,14,19,0,16,26,184,225,39,6,6,25,147,22,19,47,0,26,43,16,5,26,127,178,6,128,225,156,15,148,4,645,103,6,6,13,31,28,7,6,8,5,13,82,8,4,35,31,17,23,66,108,14,527,150,150,112,2,1,2,62,58,58,32,156,169,11,157,173,83,4,32,50,3,18,421,486,90,103,2,4,63,7,18,30,18,17,12,14,0,34,137,204,25,19,22,14,34,62,42,277,103,4,169,359,359,178,14,16,10,43,790,53,10,187,22,18,51,110,13,60,145,215,15,0,24,20,13,10,5,18,18,35,1,21,22,0,176,10,70,30,33,1,10,80,22,4,15,15,15,16,21,3,522,135,18,294,7,411,2,7,37,2,57,36,13,2,12,4,126,108,66,30,181,58,29,154,79,106,513,194,168,91,8,66,185,143,12,81,55,74,2,2,101,106,106,87,9,2,7,40,160,101,22,156,118,66,4,398,134,11,37,186,13,22,170,293,10,165,2,119,121,123,14,9,22,469,21,430,254,24,217,202,17,5,2,131,6,84,9,72,7,4,3,17,46,208,12,103,137,10,31,192,102,89,14,131,135,188,49,18,135,9,4,72,200,80,7,12,116,40,46,194,24,18,30,8,36,10,6,20,1,313,29,206,294,771,17,226,141,13,6,41,382,22,15,42,144,55,175,611,76,0,28,54,44,27,3,1,1,17,225,10,42,27,48,6,60,1,24,244,111,580,96,121,35,15,23,50,119,70,70,50,82,111,0,0,0,0,18,59,1,1,0,12,27,139,38,4,15,254,0,1,31,132,6,105,16,459,225,13,213,59,205,49,12,126,41,37,32,198,148,7,256,8,272,256,12,160,152,32,5,12,55,26,142,116,12,528,223,386,5,70,12,37,132,175,9,53,202,12,80,18,136,3,60,91,29,244,156,121,77,43,11,82,4,244,251,240,21,134,24,16,16,15,2,107,89,0,157,360,170,52,8,94,181,285,215,27,55,116,31,8,38,33,153,0,57,3,141,62,83,377,12,22,148,478,2,1874,5,167,125,199,49,219,25,21,123,12,220,148,276,12,2,96,103,2,90,29,11,55,88,79,222,45,35,398,28,280,5,9,34,155,47,157,164,103,272,93,38,39,12,73,14,12,102,21,1732,16,19,1784,30,9,95,0,3373,12,261,3,376,12,5,33,139,144,21,11,929,307,125,180,11,150,150,11,2,82,4,14,352,3,11,16,145,212,33,239,10,18,167,1,11,3,6,233,208,160,21,2063,251,6,110,42,6,93,42,44,7,7,19,29,225,55,29,6,65,124,320,239,6,225,116,13,86,6,36,22,46,170,13,111,398,9,17,59,60,20,82,214,39,66,361,46,133,328,72,322,183,195,21,4,21,8,57,167,3,3,117,2,2,9,0,102,213,5,12,300,5,189,18,10,4,41,335,86,19,5,320,0,7,0,84,97,12,121,122,22,17,51,18,43,379,798,760,7,35,98,6,6,35,38,101,64,216,40,34,109,256,121,94,8,16,7,495,159,1126,17,14,2,16,74,4,12,9,71,27,146,4,187,117,44,1061,168,145,94,26,178,177,3,275,60,162,2,9,44,1,23,17,0,37,575,6,134,245,53,90,38,147,249,9,110,27,15,430,14,28,257,97,40,44,201,251,28,94,16,0,1486,17,14,57,152,317,33,11,151,19,7,18,1,196,79,630,212,98,72,0,6,15,0,122,18,9,3,181,99,8,10,5,16,2,11,309,57,63,49,101,189,63,119,56,1,56,67,129,50,162,0,52,3,2,177,185,297,352,24,1,48,46,86,133,37,24,24,137,50,81,12,55,20,500,172,215,24,4,9,1,2,15,24,11,37,197,133,42,20,6,4,177,44,84,101,88,8,38,60,39,0,22,254,114,28,10,20,25,134,40,97,118,6,16,20,272,113,27,31,104,18,21,32,5,55,26,38,228,21,30,125,6,221,0,143,25,79,214,384,43,57,13,48,275,275,94,136,31,31,37,235,78,61,306,66,11,269,26,206,6,23,191,184,182,22,166,15,161,17,10,234,173,205,23,6,55,144,21,11,5,237,26,56,41,2,62,4,20,8,90,16,8,3,235,4,16,108,11,100,54,4,35,98,1,83,19,0,242,6,33,26,186,12,12,93,10,0,14,10,186,0,192,13,6,224,149,55,23,49,49,71,9,4,304,71,11,83,15,71,41,44,9,55,26,91,419,295,5,8,19,30
10,157,12,434,21,161,40,70,70,127,24,76,4,115,29,10,107,244,48,183,138,19,149,246,56,62,3,6,28,7,132,4,2,85,16,8,7,71,0,0,16,30,15,112,209,26,10,10,0,157,7,0,21,2,9,62,13,4,13,92,133,2,140,209,187,17,179,0,680,106,0,0,20,43,22,6,6,34,14,13,46,0,0,36,32,6,12,7,111,10,379,139,139,106,12,7,12,77,5,5,31,174,147,0,164,166,42,0,14,63,4,34,471,506,81,97,4,13,79,12,5,58,27,27,5,24,12,42,134,141,10,55,13,24,42,53,44,310,91,18,142,340,340,148,29,10,6,34,686,103,0,167,58,34,83,120,19,52,100,175,45,6,63,0,12,3,4,0,0,168,6,19,62,12,147,15,94,46,63,6,15,27,9,0,7,7,7,14,8,3,463,124,21,304,5,363,10,6,44,9,56,82,7,10,25,4,104,98,60,33,136,64,33,152,70,72,462,229,117,99,8,83,150,133,25,44,46,55,0,0,80,74,74,83,6,9,6,46,144,60,21,172,101,82,4,441,111,3,55,220,35,22,85,268,11,125,1,98,85,134,9,7,1,435,5,395,268,41,227,196,0,20,16,107,2,85,11,87,28,2,9,28,80,139,35,53,165,25,44,201,90,81,34,116,115,174,49,54,115,30,0,111,106,81,18,45,149,42,23,126,0,0,10,0,1,26,12,17,2,310,15,224,328,744,10,238,127,11,24,22,320,32,34,26,123,47,181,581,94,2,19,14,21,14,0,2,2,3,206,0,49,76,42,24,52,2,23,214,94,527,61,164,25,17,37,5,99,73,88,66,92,94,24,24,24,24,1,69,11,11,4,15,24,102,53,21,29,182,22,11,56,110,24,149,5,410,157,18,181,39,199,38,35,139,36,45,25,143,89,6,271,0,309,271,1,146,114,39,29,25,65,38,123,133,24,578,174,268,1,84,31,32,143,148,27,35,127,30,87,7,141,6,0,39,12,192,176,35,100,56,26,88,2,192,199,242,18,99,33,10,10,19,7,103,110,6,129,333,153,32,11,97,145,287,101,10,24,74,25,14,16,11,104,1,65,1,111,0,69,317,8,92,107,409,3,1699,16,137,118,149,40,207,38,15,136,27,161,107,264,29,0,106,68,3,89,41,6,24,89,74,202,70,35,287,9,317,8,2,46,170,39,129,128,77,244,66,16,25,13,53,50,9,125,2,2456,25,1,1635,36,27,89,0,3127,30,213,0,320,9,10,21,92,94,2,31,855,347,157,172,33,135,135,1,2,90,4,22,417,10,29,51,106,153,36,268,26,15,121,11,4,2,63,180,242,174,9,1964,187,0,127,34,52,83,21,20,4,4,7,71,209,24,11,11,65,132,237,193,10,224,137,13,136,52,31,32,34,149,64,110,722,10,19,55,39,0,75,195,49,64,272,37,116,207,63,356,162,202,66,0,24,22,70,170,18,12,137,19,19,0,2,69,182,11,12,272,6,185,23,41,8,30,279,52,13,14,231,8,9,4,57,35,4,61,69,38,117,15,80,4,364,782,796,7,19,38,49,0,147,6,78,21,158,33,63,337,541,61,73,4,9,4,677,149,728,54,12,6,0,52,0,22,2,46,5,129,0,124,94,71,937,149,135,80,0,186,192,4,197,65,110,17,6,25,2,4,24,12,42,571,5,107,232,4,35,0,105,262,15,109,22,8,514,0,21,234,85,132,31,164,267,32,75,19,0,1223,15,8,39,120,257,49,0,163,0,2,27,2,192,69,519,158,81,46,2,5,30,5,96,19,2,5,159,124,5,1,2,31,2,13,286,69,65,47,66,140,150,107,50,3,50,67,112,47,114,5,61,2,4,173,186,280,333,3,0,46,60,64,124,25,3,66,97,42,100,1,51,0,544,152,151,16,7,2,7,9,10,20,31,45,146,109,4,39,0,12,170,76,87,104,53,0,32,25,82,11,20,213,73,34,8,4,26,71,12,66,163,22,10,4,313,109,24,19,73,55,40,31,0,73,12,9,202,27,13,91,0,276,18,152,22,57,183,283,0,30,10,35,251,251,32,122,44,17,88,171,78,13,316,16,21,266,47,171,22,34,167,177,182,5,179,20,145,16,11,193,139,207,12,6,20,90,15,6,5,193,60,65,24,10,70,0,29,2,60,14,2,10,297,2,5,59,17,150,8,0,50,63,2,31,8,24,280,19,15,19,180,22,22,68,21,2,23,38,163,7,226,13,9,311,132,18,32,36,19,66,3,11,239,63,8,65,10,63,49,13,4,43,5,95,408,253,2,15,29,13
11,568,25,1342,113,511,23,128,177,263,31,293,40,269,91,18,257,672,63,482,402,13,500,582,144,118,4,13,68,43,484,9,43,142,26,36,29,376,39,44,5,57,15,514,674,73,15,15,82,354,29,44,173,10,29,83,66,9,79,330,353,7,283,674,540,0,519,24,1694,320,12,15,36,117,105,10,20,56,20,39,173,18,21,99,81,19,80,114,234,42,1221,330,330,229,18,9,18,192,107,107,145,354,356,22,432,411,185,17,54,86,24,55,1257,1390,265,302,22,28,166,28,35,123,75,69,11,28,15,67,422,426,17,99,34,28,67,191,120,739,216,60,388,923,923,354,42,42,28,92,2238,167,16,468,102,60,174,343,17,133,349,533,42,13,67,23,44,12,30,54,54,146,0,75,100,12,458,23,147,56,173,8,23,146,43,1,41,41,43,52,32,18,1272,269,26,892,26,1074,23,20,69,24,174,112,28,23,39,10,271,265,182,57,421,179,35,476,211,297,1406,525,405,302,19,124,519,375,39,161,134,172,12,12,269,211,211,285,10,24,20,73,420,219,44,364,294,134,10,966,370,16,72,548,69,49,407,705,50,363,7,308,293,364,29,26,25,1143,39,957,650,65,559,549,17,53,27,400,9,198,6,200,21,11,22,46,119,504,56,218,370,38,54,457,182,244,77,287,314,525,119,48,314,67,36,148,533,288,37,55,251,104,108,387,61,49,45,28,60,22,20,35,10,765,68,424,743,2114,53,611,256,5,12,116,974,59,64,143,380,159,470,1566,201,0,56,117,86,28,7,3,3,36,623,18,89,100,96,12,146,8,78,620,291,1660,186,408,158,39,48,95,346,238,250,119,237,280,48,48,48,48,34,126,22,22,8,36,96,291,85,17,47,608,34,22,94,261,26,335,11,1040,520,35,532,172,550,131,94,344,85,85,53,442,261,12,726,37,664,726,18,473,385,90,56,36,151,96,437,262,49,1357,518,962,9,164,47,48,440,395,33,78,461,61,182,54,397,17,176,224,48,667,477,375,150,140,37,212,13,667,577,726,19,363,73,25,25,58,20,233,266,8,364,916,377,109,18,236,405,840,437,45,102,194,65,30,54,63,381,4,177,2,394,163,145,1051,16,74,316,1184,7,4746,49,413,270,524,107,567,91,40,303,38,454,316,752,67,15,301,246,7,326,79,33,102,205,208,502,132,111,873,38,803,7,19,177,478,168,364,473,136,688,211,54,104,22,171,86,16,256,31,4701,22,42,4698,74,33,301,3,8836,61,741,26,910,35,27,73,340,314,31,43,2069,948,386,448,44,399,399,15,15,246,15,80,1009,20,43,45,349,568,99,673,23,51,441,24,26,28,32,513,486,492,18,4901,597,22,298,140,63,202,83,63,20,20,19,129,594,74,45,33,176,279,779,534,10,666,363,42,263,63,108,87,108,519,41,228,1096,6,58,137,133,33,234,465,107,168,970,93,260,849,213,861,525,468,53,10,48,40,139,478,35,38,363,24,24,17,11,263,596,26,15,871,25,575,57,67,20,107,769,212,41,37,686,2,27,5,170,296,20,196,201,76,98,114,70,173,938,1852,2013,38,98,261,30,20,222,103,314,94,599,75,85,474,956,196,239,22,8,21,1341,410,2806,66,40,11,21,157,26,32,23,194,65,379,26,426,294,132,2646,407,433,309,54,558,481,10,564,174,333,17,21,64,8,23,49,11,136,1352,26,349,678,128,244,64,432,665,19,327,44,65,1281,85,48,629,277,37,131,487,834,76,233,21,5,3642,42,19,112,363,739,55,31,401,29,12,63,6,524,203,1784,526,351,110,4,68,23,16,313,29,22,26,373,305,32,12,22,47,9,34,742,142,167,119,169,501,199,257,144,7,144,167,369,129,404,21,157,25,12,405,476,720,977,54,13,164,131,212,341,66,54,108,308,98,230,41,186,39,1288,518,534,40,12,22,14,6,51,79,33,104,478,322,61,62,7,20,513,145,271,330,150,0,91,112,121,0,56,571,317,68,16,18,74,363,44,228,345,29,34,18,903,323,40,62,286,69,80,84,23,162,49,95,632,41,57,208,19,651,10,416,63,153,628,1028,123,187,31,152,698,698,120,232,100,102,149,488,101,187,920,173,32,716,78,489,29,64,500,525,532,17,490,31,471,69,49,583,483,556,32,16,90,353,59,63,0,599,131,144,110,8,152,6,61,8,227,59,8,8,688,2,46,267,28,326,126,13,63,223,10,115,32,24,538,22,42,20,498,36,36,238,79,0,22,40,480,13,578,39,19,545,371,127,72,112,50,202,31,22,881,170,16,180,43,170,98,100,7,144,46,225,1182,643,17,17,55,57
15,382,15,898,38,403,98,156,87,264,4,165,7,263,22,2,238,469,110,319,284,5,298,348,124,178,6,6,14,4,314,1,3,121,0,0,17,145,0,14,6,77,0,173,547,34,0,0,7,437,17,14,8,4,0,247,5,1,16,237,283,5,297,547,452,17,310,0,1085,248,4,0,135,150,12,0,5,139,60,5,13,0,0,68,59,11,53,10,217,12,957,377,377,241,20,0,20,181,19,19,42,232,272,0,246,365,65,0,15,199,0,186,1192,1210,60,71,0,0,33,16,11,17,3,3,2,68,73,8,288,251,2,21,6,68,8,136,86,685,512,85,583,496,500,327,136,18,6,17,1644,253,0,293,188,76,326,224,8,111,243,357,91,1,199,2,43,4,14,1,1,54,33,106,138,60,268,59,206,141,83,4,59,84,8,0,0,0,0,0,11,0,836,361,11,758,3,759,2,4,10,4,264,165,5,2,64,0,192,219,107,25,286,136,8,299,174,199,873,450,309,234,10,20,231,383,64,98,49,97,0,0,101,188,188,161,9,4,4,10,274,137,0,126,174,172,0,799,207,4,28,414,128,75,154,481,5,267,13,50,216,316,37,20,9,812,5,544,611,162,534,337,8,44,3,229,14,236,12,134,70,16,20,101,130,342,159,94,243,111,121,412,138,151,84,253,214,331,103,187,214,128,1,378,327,258,122,177,317,48,39,170,6,2,15,0,28,46,47,90,2,809,4,290,662,1209,11,428,271,12,84,9,675,77,153,38,236,45,319,1057,83,3,37,26,51,11,4,5,5,8,365,0,26,50,75,84,91,22,22,349,181,1004,198,545,74,3,74,10,199,162,160,64,133,178,133,133,133,133,11,177,10,10,3,8,56,257,107,27,33,400,130,10,93,180,79,300,24,869,278,117,354,94,361,103,85,249,80,87,10,297,155,0,623,5,400,623,3,303,170,88,109,111,127,58,284,245,82,958,273,647,0,35,129,46,284,291,61,2,290,150,25,5,259,2,20,27,2,378,321,56,193,94,31,123,2,378,463,439,8,135,3,6,6,80,2,224,260,2,306,592,283,22,0,129,215,690,169,4,15,45,71,116,1,0,198,17,223,1,237,22,136,660,0,218,284,1102,2,2335,76,213,204,286,31,450,108,15,212,2,304,284,717,104,3,197,179,2,149,27,58,15,146,192,379,70,48,460,14,604,5,8,154,340,176,306,249,172,365,128,1,6,47,163,179,5,183,13,3679,89,16,3751,17,61,121,5,5533,150,424,2,646,13,7,20,235,204,13,141,1340,564,355,383,74,240,240,0,6,163,46,93,690,0,60,146,359,241,64,534,96,2,230,2,0,4,185,493,418,226,2,3582,339,0,169,137,229,124,0,22,19,20,9,238,390,17,24,8,168,277,428,412,39,521,257,106,425,229,68,59,41,306,82,190,546,59,78,212,39,20,257,401,70,138,538,144,207,383,45,586,278,580,23,6,36,76,157,327,6,13,257,53,53,4,0,143,292,4,60,539,55,372,9,126,0,100,375,184,17,24,399,3,12,8,213,44,9,28,32,66,279,41,305,17,269,1478,2070,15,24,21,9,3,602,45,194,27,422,33,329,1362,2203,28,110,8,7,7,1453,278,1472,21,28,2,2,191,0,60,3,160,16,331,0,290,142,270,1663,283,327,141,4,299,290,1,319,58,156,52,9,16,13,8,11,21,69,1174,1,214,417,5,39,4,156,484,21,187,18,8,967,6,13,451,153,151,71,170,419,82,176,122,4,2754,15,2,13,197,435,260,8,301,2,1,110,3,433,186,951,365,239,23,3,16,77,0,238,9,0,0,194,265,0,3,4,92,4,13,513,115,127,96,94,256,404,238,122,2,122,116,200,72,252,12,78,3,2,287,365,538,680,14,0,69,34,106,208,25,14,336,199,24,180,2,311,2,1688,442,392,6,2,7,30,22,37,4,124,29,375,196,9,228,3,102,283,120,337,192,61,4,67,50,291,7,97,356,116,96,4,35,9,169,19,91,294,32,1,35,882,221,115,7,116,164,173,109,2,142,5,21,517,22,4,157,0,364,0,258,19,86,448,696,1,95,0,231,598,598,12,262,136,13,274,303,289,12,759,6,16,492,25,268,32,19,340,385,420,6,447,6,461,25,3,414,402,366,1,2,33,173,93,2,18,470,132,61,69,0,144,2,9,8,116,4,8,2,539,1,2,73,6,231,25,0,39,137,3,41,12,90,555,106,9,37,340,17,17,104,11,15,17,98,305,46,328,5,1,583,272,12,106,6,0,146,11,15,739,169,4,29,56,169,112,15,0,75,23,221,883,451,8,53,111,4
12,1051,33,2532,301,906,40,311,411,556,102,522,77,658,141,133,333,1169,20,953,677,10,978,1076,123,213,0,44,149,4,903,7,40,329,38,38,142,649,31,168,4,18,47,819,1196,54,25,25,162,780,142,168,255,11,62,118,93,7,165,497,803,12,607,1196,927,49,989,59,3109,473,42,24,16,86,145,31,52,37,16,82,201,35,25,99,148,33,49,237,581,92,2449,596,596,516,40,28,40,217,271,271,297,747,677,22,727,765,356,19,79,62,21,19,2103,2462,100,158,3,33,305,41,74,248,98,97,8,4,21,66,634,825,129,105,120,4,66,337,178,1369,338,120,681,1863,1863,673,32,62,56,128,4489,235,21,874,33,134,121,598,67,283,673,862,15,7,34,190,22,11,36,61,61,58,0,56,40,0,955,12,348,77,279,5,12,395,72,12,56,56,67,95,62,17,2344,473,92,1372,86,2006,31,22,65,30,223,256,37,31,39,0,615,428,383,48,738,375,112,765,446,714,2609,783,623,602,48,126,831,669,39,301,203,275,61,61,437,435,435,528,42,30,22,65,696,421,123,408,580,273,0,1298,697,140,182,984,24,31,660,1453,0,591,14,554,548,724,92,67,30,2291,105,1963,1336,103,1423,1005,62,0,52,604,27,233,27,193,19,17,61,28,251,949,23,411,681,18,151,983,375,564,44,496,683,928,212,12,683,42,34,254,978,436,35,35,499,198,224,747,241,86,282,12,231,9,14,84,16,1651,92,668,1414,4060,298,1211,372,40,12,4,1712,17,31,586,744,247,866,3121,448,12,149,474,129,164,41,11,11,99,1313,91,222,244,229,12,430,15,147,1128,519,3115,412,819,151,92,87,168,646,365,368,303,460,532,13,13,13,13,213,174,27,27,0,69,170,521,105,15,73,946,12,27,316,500,27,620,102,2035,1053,12,962,256,1163,171,130,573,90,109,93,917,575,9,1294,36,1569,1294,78,862,719,163,8,90,257,180,884,655,3,2724,1128,1597,14,274,26,106,812,857,55,191,1052,12,253,40,725,50,350,282,77,1174,932,312,180,173,29,434,14,1174,1193,1135,18,528,146,43,43,17,0,481,416,14,763,1689,751,211,20,443,510,1776,748,28,308,323,125,6,83,46,659,0,243,42,745,397,327,1554,29,37,666,2569,21,9169,22,768,519,1012,190,1104,115,90,616,65,952,666,1693,20,8,495,566,21,523,179,25,308,428,435,1066,334,189,1949,83,1324,24,150,315,910,384,763,714,253,1377,350,83,142,6,197,49,38,520,182,7954,86,231,8913,125,55,499,3,16610,12,1372,39,1703,60,0,110,602,475,182,104,4191,1699,650,875,46,751,751,46,58,475,41,25,1750,38,73,38,650,1014,83,1234,29,52,836,6,82,42,19,1004,1004,860,77,9131,1267,28,574,16,30,322,221,181,0,0,5,227,1237,159,109,0,294,477,1429,1116,11,965,508,153,290,30,168,165,193,842,78,463,1593,0,146,177,237,240,525,986,228,352,1774,68,484,1681,284,1855,1046,980,16,48,32,18,186,870,4,6,508,8,8,101,26,609,1174,2,8,1386,24,1229,127,27,39,208,1405,395,82,85,1557,0,23,1,435,616,30,507,507,34,78,37,14,534,1833,4171,2652,69,445,566,8,3,92,333,529,114,1418,265,55,331,964,507,278,107,31,2,2430,748,5199,208,18,2,47,321,77,54,58,378,288,704,77,879,601,176,5216,680,799,523,327,1009,756,42,1237,238,638,16,78,158,11,21,6,4,14,2074,93,608,1368,219,308,149,616,873,64,599,85,0,2791,224,124,1095,382,168,305,1184,1269,125,396,16,14,5912,102,87,235,739,1494,12,152,638,172,71,38,12,820,328,2937,1195,281,225,12,34,0,3,462,70,20,4,805,504,20,11,14,25,6,69,1538,271,292,184,333,860,222,333,260,13,260,243,677,127,710,8,252,58,28,761,824,1140,2075,174,32,294,205,395,712,125,174,70,585,189,342,130,324,172,2712,969,1037,64,15,58,18,7,31,3,32,225,1028,715,330,27,20,20,903,337,454,702,148,7,64,208,159,0,8,1048,557,111,41,138,158,506,90,386,827,17,36,138,1745,495,43,113,528,48,56,38,30,210,110,141,1033,85,60,452,29,1221,7,821,106,295,929,1788,264,327,5,291,1330,1330,182,425,122,27,195,1174,74,248,1359,240,74,1339,66,1018,17,35,990,936,1153,95,1025,59,878,20,0,884,933,1089,47,28,166,646,37,27,9,856,165,335,171,20,299,16,139,19,343,53,19,39,1032,15,35,406,70,624,315,34,142,450,9,161,85,12,1136,18,68,39,851,21,21,424,94,0,57,29,887,0,1082,82,36,945,641,238,38,139,83,402,0,67,1605,166,29,320,40,166,218,240,31,390,109,389,2431,1383,20,10,82,60
14,940,21,2134,50,838,116,297,196,613,83,469,6,543,106,5,427,983,167,771,671,14,801,947,199,256,10,33,56,46,691,2,32,331,26,25,13,315,0,3,4,143,13,603,1186,75,40,40,2,735,13,3,14,4,19,283,21,2,78,436,493,5,538,1186,875,38,950,0,3132,531,10,2,148,196,111,14,20,185,59,35,129,0,0,123,135,24,106,120,398,58,2083,638,638,418,62,15,62,379,65,65,82,578,520,0,625,821,95,0,76,246,4,207,2329,2510,328,406,8,32,297,44,66,199,92,90,20,92,60,105,553,610,5,162,38,92,105,305,164,1416,606,110,844,1451,1451,643,213,59,50,119,3698,435,0,544,240,170,518,425,28,251,527,894,195,0,246,6,60,6,24,0,0,480,36,87,184,90,661,39,381,211,264,7,39,265,75,5,53,53,56,71,31,7,1866,600,52,1624,20,1955,31,42,105,42,342,340,39,31,118,8,375,342,249,106,656,268,44,714,276,515,2065,1061,646,483,21,201,702,605,118,166,190,187,0,0,390,410,410,368,14,42,42,105,574,322,102,604,516,384,8,1706,480,8,96,911,141,104,368,1001,38,538,14,338,485,520,133,52,8,2145,13,1367,1243,215,903,848,0,87,28,519,2,421,17,315,76,43,24,144,291,853,215,270,576,208,90,921,371,292,120,552,554,808,233,301,554,187,9,503,533,589,101,196,617,111,96,541,1,0,28,2,17,63,62,81,4,1355,57,601,1337,3077,23,1058,448,25,108,102,1618,136,196,76,479,141,733,2625,237,10,68,80,113,48,8,4,4,2,1132,0,153,200,185,108,226,8,63,991,544,2690,362,1109,104,29,227,46,477,271,440,178,414,419,123,123,123,123,5,297,29,29,13,41,118,464,208,23,106,1007,108,29,218,376,112,632,27,1952,739,134,753,147,874,155,172,492,175,212,58,655,392,8,1224,0,1191,1224,15,696,521,190,130,161,261,204,662,633,149,2661,792,1438,0,223,181,116,656,586,110,83,760,190,235,32,705,7,34,172,20,940,844,221,302,208,66,313,6,940,898,1222,22,296,64,58,58,113,44,427,510,12,667,1705,767,114,3,348,505,1614,466,31,80,304,114,108,43,52,553,11,349,5,663,4,395,1552,23,254,569,1832,8,6603,110,561,437,747,152,901,216,64,481,43,702,569,1335,142,0,414,366,8,431,130,56,80,424,297,897,212,105,1169,30,1087,26,15,338,883,291,667,592,264,949,272,43,104,68,333,248,32,407,5,10162,48,0,7871,79,110,342,19,13000,190,1069,5,1503,40,24,73,525,456,5,150,2895,1627,546,707,142,626,626,14,6,379,36,170,1863,29,119,134,619,704,124,985,128,26,804,17,19,17,201,933,964,706,76,7977,874,0,643,182,274,365,80,73,32,34,40,307,900,80,59,25,238,476,1016,973,37,1020,543,132,648,274,192,148,104,720,148,429,1496,68,212,251,133,0,436,878,175,364,1414,319,496,973,179,1600,610,1134,168,2,60,138,238,756,29,32,543,58,58,0,5,459,855,18,78,1300,52,960,69,235,24,141,1153,314,42,42,991,16,15,22,397,110,25,175,210,142,412,153,305,8,983,3380,3407,66,109,155,53,4,842,53,483,143,764,56,386,1659,3158,175,284,4,21,29,3712,675,3823,32,49,11,0,331,0,118,7,348,9,653,0,691,491,333,3932,551,745,454,2,980,711,21,1023,203,452,89,1,116,6,42,52,22,150,2123,25,554,1149,9,147,0,498,1022,52,487,59,76,2406,1,35,898,265,248,75,488,1206,184,296,141,20,5603,39,19,75,572,1201,294,1,698,4,5,146,20,823,470,2589,806,472,102,5,40,116,0,584,72,14,8,570,595,19,0,19,198,21,91,1041,300,282,208,217,726,537,427,204,13,204,213,517,163,582,21,197,7,23,773,750,1200,1512,8,4,203,202,322,533,63,8,520,454,113,301,2,377,6,2540,830,758,64,8,34,17,33,42,69,141,170,702,456,2,236,2,115,1002,376,538,501,253,11,152,117,410,5,107,686,417,143,39,14,70,460,58,263,652,98,26,14,2058,535,124,122,397,207,239,213,3,251,45,45,1063,51,33,338,0,993,20,742,79,270,891,1714,2,183,24,337,959,959,85,391,195,76,374,731,399,31,1647,45,46,1015,123,708,98,65,767,814,1029,9,854,44,931,61,38,959,817,887,57,22,73,443,92,36,19,998,115,253,142,7,278,1,80,8,199,43,8,8,1285,14,31,257,53,532,50,0,82,274,2,95,57,114,1108,107,36,83,841,52,52,354,67,15,31,91,785,46,870,35,27,1228,591,38,152,136,51,279,38,48,1594,331,15,114,65,331,222,43,23,159,31,374,2241,1071,29,64,134,33
2,403,8,789,7,323,158,79,81,127,4,78,0,243,9,4,265,560,181,313,293,2,317,242,129,261,0,0,2,4,330,1,4,93,0,4,4,192,0,13,0,104,2,113,627,5,2,2,2,393,4,13,4,2,0,428,1,1,4,387,220,0,339,627,510,11,173,0,1055,266,1,0,264,305,12,6,18,260,76,0,24,0,0,72,29,4,59,2,165,3,989,435,435,252,10,2,10,296,12,12,26,259,314,0,250,401,120,0,10,422,0,366,1451,1484,40,46,0,11,30,50,0,21,9,9,0,169,128,13,305,114,2,3,0,169,13,90,146,936,767,182,804,335,338,249,260,2,0,6,1677,252,1,323,358,125,650,245,0,96,243,460,237,0,422,2,65,0,2,0,0,60,0,181,259,114,312,93,278,208,79,0,93,69,14,2,26,26,28,30,8,7,673,483,4,1146,2,801,2,0,12,6,452,157,8,2,128,0,94,224,105,6,368,103,2,399,176,159,748,720,286,192,8,22,206,462,128,94,6,46,0,0,87,177,177,196,6,6,0,12,273,150,5,98,133,265,0,925,110,0,3,465,240,112,155,498,6,313,4,21,220,248,57,7,1,750,10,699,452,292,687,373,0,98,0,160,2,369,3,263,168,7,0,213,66,332,255,72,238,322,124,390,182,76,137,204,338,373,169,369,338,261,15,569,456,215,161,344,419,20,26,126,2,0,6,0,8,127,106,152,6,728,2,312,697,924,1,264,364,0,204,6,495,190,214,3,177,14,386,782,57,3,19,8,18,2,5,2,2,0,295,0,11,2,2,204,67,2,3,297,146,930,207,745,147,4,195,1,191,183,103,41,143,146,204,204,204,204,4,246,2,2,2,4,113,278,210,2,82,378,198,2,238,202,166,323,4,969,349,175,307,158,345,182,122,301,106,114,2,238,213,2,607,0,316,607,0,282,99,199,185,186,208,37,311,159,141,810,270,595,0,8,244,5,294,137,106,12,176,321,8,2,273,0,2,14,2,269,232,28,341,72,0,42,0,269,269,299,2,61,8,0,0,152,0,242,307,2,393,435,219,14,3,70,229,644,114,5,15,15,127,196,6,5,78,0,317,6,194,0,102,667,4,345,220,1290,0,2123,232,143,209,182,14,412,201,0,253,0,249,220,737,159,0,230,169,0,88,12,72,15,174,249,332,50,65,274,0,685,1,6,179,270,281,393,163,243,221,165,6,0,121,197,408,1,225,4,2659,100,4,3688,8,106,8,8,4646,321,490,0,759,5,3,3,221,168,4,238,1071,410,441,501,123,139,139,1,0,183,74,183,802,1,10,196,352,204,123,560,180,4,196,7,0,0,350,551,367,164,0,3377,428,0,158,208,400,168,12,5,1,1,0,434,448,2,1,2,171,330,286,391,38,593,274,205,641,400,56,44,16,414,69,248,650,111,96,322,3,2,209,474,89,83,571,283,204,169,27,539,376,833,14,4,68,128,229,278,0,0,275,94,94,2,2,125,224,8,74,742,102,214,2,229,0,62,262,247,0,0,251,0,1,4,452,18,5,5,13,15,495,19,460,7,168,1342,3591,4,11,7,10,0,1183,5,123,25,248,5,562,2313,3850,5,35,4,10,12,812,180,950,7,0,0,0,233,4,93,3,88,15,366,4,314,138,426,1426,459,346,108,4,239,325,0,221,10,98,167,0,13,4,2,1,0,21,1609,2,127,309,2,12,7,39,596,0,80,8,7,636,4,1,392,147,57,16,126,213,136,203,245,0,3223,10,0,7,196,387,341,1,323,0,1,167,10,569,136,876,296,450,8,1,22,151,0,277,0,7,2,152,255,12,3,0,186,1,16,509,128,99,94,74,208,500,265,205,6,205,148,191,39,253,0,27,10,3,281,410,677,548,13,0,58,22,69,251,2,13,595,158,7,270,2,442,0,2258,445,362,5,0,0,47,2,47,6,260,14,381,162,16,307,0,179,200,72,480,124,18,0,103,21,495,0,195,375,77,129,7,2,0,107,14,81,289,88,4,2,1162,248,151,2,75,231,266,203,4,111,6,3,615,6,3,134,0,350,3,170,7,52,515,829,0,180,0,447,532,532,4,348,185,9,371,174,364,5,1146,7,0,482,5,206,88,22,326,336,302,0,418,0,561,3,5,409,411,384,2,5,10,192,172,23,4,452,207,55,146,0,63,1,0,0,209,7,0,1,555,0,5,67,0,276,3,0,8,127,5,17,4,170,678,207,2,79,318,1,1,76,0,2,2,147,191,104,340,0,2,918,275,4,173,13,7,69,6,2,823,286,4,41,105,286,80,5,0,14,4,352,620,420,4,129,258,3
1,563,4,1272,28,523,199,139,86,213,2,178,0,395,2,2,413,830,301,557,405,8,491,414,268,359,0,0,0,6,463,2,1,133,0,0,6,264,0,4,0,283,0,231,996,7,1,1,2,579,6,4,2,1,1,779,3,2,3,505,422,0,526,996,774,0,285,0,1501,388,0,0,473,516,9,3,11,399,153,2,10,0,0,142,52,1,117,0,242,33,1621,809,809,409,26,3,26,522,7,7,29,434,507,0,472,614,173,0,2,754,2,542,2085,2134,66,74,3,9,53,47,1,8,7,7,0,207,127,8,404,161,2,1,0,207,8,116,135,1411,1207,215,1336,534,534,490,442,28,16,4,2702,473,0,493,588,194,1045,356,0,149,344,811,295,12,754,2,120,7,19,0,0,73,0,310,406,162,438,164,448,363,97,6,164,112,18,4,4,4,5,8,17,2,922,703,13,1774,0,1482,0,1,8,0,823,315,8,0,160,2,141,299,75,16,668,160,7,569,207,179,1087,1030,590,378,6,16,390,661,160,168,10,101,0,0,94,203,203,224,14,0,1,8,441,239,23,125,259,383,2,1259,204,4,4,826,319,161,259,795,26,481,7,40,423,362,84,23,6,1286,12,938,770,547,1045,607,0,150,5,227,5,605,0,338,170,10,0,303,145,582,403,104,337,440,220,597,222,63,217,428,560,604,244,627,560,433,19,1006,708,341,341,601,615,7,41,204,8,0,14,0,17,174,152,258,1,1184,0,537,1453,1376,14,408,636,0,274,2,820,274,383,20,159,5,721,1393,23,12,21,13,13,0,3,6,6,2,446,6,0,2,0,274,108,4,21,518,308,1322,315,1334,247,4,370,6,345,278,130,84,219,293,292,292,292,292,13,421,9,9,3,0,199,339,327,0,97,613,251,9,295,263,340,496,4,1382,599,272,557,177,538,376,244,439,204,173,0,276,320,0,950,0,382,950,7,421,212,261,289,325,293,74,505,249,211,1321,432,1053,0,0,386,4,417,229,169,5,268,504,3,0,412,0,10,8,2,388,369,4,490,98,0,63,0,388,388,470,5,90,0,0,0,240,0,450,549,0,534,542,400,32,2,142,288,959,166,7,43,25,216,322,0,0,180,2,404,0,288,4,173,1107,4,544,345,2009,9,2880,339,190,346,299,29,797,372,16,341,0,416,345,1157,340,0,401,335,9,178,16,111,43,222,237,479,85,74,350,19,1009,2,15,308,443,413,534,229,337,388,239,0,0,164,295,466,1,378,4,3737,228,13,6528,10,169,6,4,6303,504,744,12,1100,4,2,2,415,326,4,331,1624,648,646,658,189,242,242,0,0,312,107,371,1344,2,52,275,480,266,178,864,295,2,252,0,0,7,509,771,613,238,7,5301,645,0,197,330,767,278,10,2,1,1,12,779,628,5,2,8,242,450,364,679,110,855,450,358,1118,767,69,77,15,506,105,440,858,168,103,580,14,7,352,740,127,144,841,501,396,225,30,851,540,1338,14,8,156,239,380,491,9,9,455,136,136,2,0,134,287,5,173,1083,130,309,3,398,0,62,343,340,1,0,317,2,0,6,613,13,3,10,21,17,833,20,804,11,157,2036,5461,0,21,21,17,2,2098,24,202,24,340,18,1026,3813,6167,10,31,1,5,21,1233,201,1329,12,0,0,0,244,2,154,0,110,14,704,2,414,133,594,2286,690,510,183,6,332,440,1,325,23,134,200,5,22,0,5,13,10,26,2574,0,215,477,13,14,4,86,990,1,223,5,6,917,0,13,747,287,30,29,226,298,189,260,302,8,5136,0,0,6,188,538,577,3,511,0,4,355,2,898,156,1276,549,774,5,0,10,233,6,382,6,12,0,181,343,18,0,0,384,16,29,799,186,115,178,132,300,889,413,304,4,304,241,346,58,374,0,59,7,2,446,548,1165,791,14,2,84,19,108,340,1,14,1394,261,4,395,3,835,4,3858,678,655,2,2,0,77,2,73,1,364,2,663,240,9,614,0,298,280,121,792,156,16,0,182,32,810,0,311,438,145,173,13,3,4,142,0,88,432,97,3,3,2148,364,296,1,145,405,450,333,4,240,9,14,949,3,0,187,0,507,6,235,0,98,776,1370,8,285,0,687,811,811,0,429,253,5,746,332,594,2,1779,9,4,716,25,236,97,7,450,553,479,15,645,0,893,3,26,707,617,590,0,4,11,300,339,3,4,788,313,74,277,0,98,8,1,16,333,10,16,0,881,7,0,91,0,385,3,0,3,206,3,10,3,232,930,328,0,85,476,0,0,86,0,4,0,283,284,163,499,2,0,1182,469,0,281,9,6,135,2,2,1268,398,0,80,173,398,84,1,0,25,2,566,957,830,5,220,348,0
3,503,16,1173,21,472,203,125,91,208,2,120,1,372,8,2,351,764,222,538,408,15,472,386,203,321,0,0,10,11,479,0,0,111,14,0,4,236,2,2,3,210,3,230,768,22,0,0,3,400,4,2,0,0,0,630,6,0,0,508,351,2,420,768,592,17,275,0,1469,304,0,0,322,388,11,3,36,293,108,4,32,4,0,133,38,0,96,0,219,9,1452,490,490,347,9,21,9,423,14,14,48,438,420,0,376,592,151,0,4,555,0,427,1713,1742,73,89,5,22,35,48,2,19,4,2,3,162,131,16,358,208,2,8,0,158,16,144,160,1149,917,199,985,497,499,397,348,21,26,10,2351,474,0,466,422,198,863,245,1,133,340,676,245,0,555,4,85,11,4,0,0,73,0,254,316,119,368,131,553,456,94,1,131,126,23,6,53,53,55,76,13,6,1028,548,7,1510,0,1347,1,2,18,3,610,235,24,1,162,4,147,277,122,36,537,151,6,482,251,200,1029,969,430,271,12,26,322,569,162,116,13,80,0,0,116,243,243,272,18,3,2,18,353,203,6,102,272,298,4,1222,224,1,0,765,287,133,239,707,23,369,1,72,310,308,48,7,9,1047,10,877,770,466,935,534,0,106,2,194,10,389,0,259,219,14,4,239,120,463,339,139,324,379,179,509,230,76,193,289,407,531,215,458,407,336,6,703,539,315,213,495,469,25,42,214,2,0,21,0,2,127,92,202,0,1127,4,523,1145,1368,3,374,516,0,185,19,822,214,274,6,217,2,596,1349,34,8,15,2,23,2,0,5,5,0,437,2,7,11,0,185,88,1,23,448,295,1276,288,1056,161,7,319,9,270,223,153,53,178,215,291,291,291,291,4,314,11,11,4,4,141,345,221,0,95,524,240,11,300,247,190,496,14,1295,469,161,538,183,487,255,190,418,111,167,2,265,276,0,922,0,408,922,7,337,196,191,229,276,305,67,446,285,183,1278,332,866,0,10,305,22,400,228,144,2,287,338,25,0,371,0,12,16,1,353,339,6,447,80,0,64,0,353,433,414,8,69,0,0,0,179,5,358,451,2,412,733,420,49,4,153,315,927,234,1,29,21,159,222,2,0,192,0,308,0,253,0,170,903,0,450,310,1643,8,2838,233,246,311,318,27,666,223,8,312,2,440,310,868,282,0,324,257,8,180,13,87,29,203,238,425,116,86,277,7,859,7,9,257,389,285,412,196,284,388,199,2,2,124,331,389,5,310,2,4032,141,4,5028,16,144,4,4,6460,338,674,4,944,2,4,2,277,270,2,281,1520,695,579,641,164,238,238,0,4,245,117,244,1200,2,9,235,525,247,178,761,231,0,226,0,7,6,418,659,644,205,0,4559,604,0,245,290,397,219,0,6,6,6,6,438,657,0,0,10,189,383,391,555,87,848,408,256,759,397,60,66,14,542,87,337,1143,113,88,385,17,3,343,564,123,116,781,408,337,322,21,808,499,991,44,0,114,226,315,442,14,10,415,79,79,0,0,152,282,18,108,1012,95,340,12,426,0,76,395,232,0,0,260,1,1,2,431,9,2,25,45,20,580,62,665,5,325,1912,4327,2,29,25,27,9,1562,15,169,56,333,22,820,2829,5091,25,55,1,11,21,1265,235,1465,22,3,5,0,270,0,152,3,127,11,547,0,408,173,547,2001,563,448,198,0,314,404,0,328,25,187,155,0,13,1,2,20,9,72,2172,0,214,433,2,43,0,86,797,4,217,8,8,836,6,12,555,208,195,35,224,366,124,224,255,4,4387,2,0,9,179,518,510,2,455,2,3,245,13,745,153,1337,511,620,3,0,15,183,5,367,3,2,0,175,346,15,1,5,249,9,18,719,173,149,194,148,366,596,351,218,8,218,169,270,60,364,0,63,11,2,384,537,950,827,5,2,71,42,123,315,8,5,935,181,4,380,6,609,0,2943,644,568,14,2,0,65,8,56,12,300,9,529,198,2,436,0,268,346,148,589,206,40,0,155,52,677,0,231,411,150,140,7,5,8,133,12,92,410,90,5,5,1674,328,268,2,150,267,413,255,3,225,9,10,837,6,0,243,0,503,1,266,6,103,615,1123,0,234,0,632,786,786,0,393,235,40,549,259,536,5,1522,9,4,611,17,238,90,32,427,430,438,6,573,0,798,19,23,665,591,543,0,10,5,295,269,20,9,676,239,101,198,7,126,5,0,6,274,14,6,0,780,2,2,86,0,334,0,0,9,187,18,28,6,185,747,228,0,86,454,1,1,90,0,1,3,197,275,157,490,4,0,1001,362,1,260,19,12,153,5,3,1140,360,25,78,104,360,90,4,0,39,3,502,993,600,8,154,309,0
4,590,27,1425,47,633,38,262,281,397,28,277,12,419,60,37,353,596,16,458,424,1,536,841,46,115,17,0,71,6,416,3,34,218,21,41,19,236,0,13,0,8,25,515,764,83,4,4,4,494,19,13,35,5,37,28,18,3,36,290,435,6,324,764,625,61,624,0,2008,313,6,1,8,10,31,3,51,15,0,49,119,1,0,54,91,50,18,85,277,35,1174,308,308,248,15,24,15,85,27,27,60,346,365,0,396,562,71,0,91,15,0,10,1184,1271,60,64,4,21,223,19,16,139,66,45,14,0,2,44,399,465,24,61,48,0,44,272,70,754,76,18,191,1042,1045,438,16,34,25,20,2451,283,0,455,28,95,101,350,4,155,351,509,24,5,15,22,14,6,6,6,6,190,22,14,36,12,496,0,197,43,165,2,0,128,26,2,57,57,68,92,28,13,1377,209,40,782,29,1085,6,8,46,6,30,176,27,6,27,6,325,271,209,37,388,173,52,436,265,362,1612,395,321,284,31,83,418,399,27,153,101,192,4,4,313,255,255,279,22,6,8,50,421,269,16,445,268,202,6,1275,478,16,109,532,19,15,256,772,2,355,2,224,280,383,53,25,14,1303,23,1139,771,21,460,506,4,0,8,463,0,117,15,86,0,12,28,8,216,491,19,203,357,7,81,679,275,257,13,373,315,476,77,24,315,14,16,102,281,367,6,16,279,123,121,467,10,5,52,2,25,6,6,20,4,815,60,489,829,2069,34,740,260,16,0,11,1074,20,37,78,467,171,407,1738,240,1,84,48,95,37,6,15,15,12,779,2,132,15,95,0,151,9,21,673,281,1768,203,467,25,31,32,48,263,149,335,170,236,260,14,14,14,14,14,70,3,3,5,27,53,254,40,38,29,540,10,3,59,236,12,374,42,1219,473,6,466,60,612,11,25,321,95,114,68,526,199,11,868,2,892,868,15,493,449,99,11,21,112,123,432,418,1,1972,504,899,8,252,10,102,436,564,17,92,522,14,214,49,379,14,70,174,29,738,623,248,104,157,63,240,10,738,756,847,26,230,46,0,0,6,4,359,271,3,430,1228,360,162,5,272,357,935,384,18,59,213,37,3,69,54,375,21,62,8,414,44,255,1045,34,46,443,1088,0,5414,8,499,294,602,103,548,32,19,266,0,581,443,836,12,0,255,234,0,315,54,11,59,212,243,613,158,100,1013,31,772,1,38,141,527,53,430,572,227,825,173,69,61,5,207,20,2,282,23,7225,12,23,5021,46,17,263,4,9566,14,753,15,874,39,1,109,356,232,23,17,2322,1420,358,503,18,375,375,12,27,207,8,31,1103,3,69,21,421,658,58,643,14,63,448,16,15,16,18,594,570,472,10,5746,512,0,427,2,30,255,71,87,8,8,16,92,501,113,71,3,143,277,1007,624,15,691,359,15,168,30,120,93,92,449,136,315,1811,5,76,116,102,18,273,508,126,190,993,21,308,645,149,1259,457,554,79,11,35,24,39,506,17,8,359,20,20,7,5,304,662,2,6,786,10,673,21,24,9,152,903,158,38,45,847,6,37,2,64,147,8,208,210,44,68,51,15,27,678,2114,874,10,92,138,18,5,48,64,344,38,777,87,28,131,743,208,138,19,35,4,2538,512,2896,60,23,2,0,180,8,23,8,276,16,418,8,494,348,114,2757,215,415,384,16,580,436,19,681,111,353,5,12,65,3,4,5,7,11,981,15,372,843,20,23,9,105,564,44,319,73,2,1780,16,27,639,238,345,46,766,694,46,180,9,4,3193,55,25,84,424,768,31,8,503,19,9,10,6,467,323,1759,616,176,139,1,25,14,10,328,19,14,21,488,399,0,27,6,21,9,46,829,162,206,125,228,516,210,353,138,0,138,173,269,122,362,11,151,13,17,556,460,718,1062,31,2,192,155,238,290,93,31,18,334,115,226,15,54,18,1231,467,480,13,13,2,0,21,12,5,17,89,480,360,47,17,9,8,550,227,262,297,133,9,41,59,43,20,8,610,302,76,20,23,98,329,113,225,380,7,31,23,874,405,18,54,256,53,25,34,10,127,27,45,590,38,57,465,0,534,22,527,53,189,529,927,26,63,24,36,742,742,55,340,48,15,86,627,64,60,785,38,25,813,21,419,7,48,468,512,620,18,545,2,486,11,2,463,481,581,36,9,97,356,11,29,23,559,40,152,38,0,159,6,6,8,106,20,8,17,667,4,14,207,27,361,96,0,70,231,7,135,31,0,684,0,53,43,420,75,75,263,8,10,32,9,542,0,478,49,2,582,423,28,26,45,55,250,3,30,840,132,16,225,52,132,164,68,6,100,8,264,1657,704,13,10,21,57
