,122.mzML,123.mzML,124.mzML,125.mzML,126.mzML,128.mzML,129.mzML,130.mzML,131.mzML,132.mzML,133.mzML,135.mzML,Compound_Name
249,-1.6682064058064,-1.5135911532762,-1.39899032915547,-1.18670014857946,-1.45171956603147,-2.0580207055903,-1.36906958325407,-1.64109844311604,-0.926264244091779,-1.2152554380337,-1.61074370390214,-1.13153759055346,Diferuloyl putrescine_2
308,-1.6682064058064,-1.5135911532762,1.57514897730481,0.773219234438733,-1.45171956603147,-2.0580207055903,-1.36906958325407,-1.64109844311604,-1.39273032397838,1.3093140209798,1.80224044799548,-1.13153759055346,"""""(3R)-3-((3R,5S,7R,9S,10S,12S,13R,14S,17R)-3,7,12-trihydroxy-10,13-dimethylhexadecahydro-1H-cyclopenta[a]phenanthren-17-yl)butanoic acid"""""
355,-1.6682064058064,-1.5135911532762,-1.39899032915547,-1.18670014857946,-1.45171956603147,-2.0580207055903,-1.36906958325407,-1.64109844311604,-1.39273032397838,-1.72225986555778,-1.61074370390214,-1.13153759055346,"""""(3R)-3-((3R,5S,7R,9S,10S,12S,13R,14S,17R)-3,7,12-trihydroxy-10,13-dimethylhexadecahydro-1H-cyclopenta[a]phenanthren-17-yl)butanoic acid""""_1"
361,4.39378801617861,5.80729700981515,-1.39899032915547,-1.18670014857946,-1.45171956603147,-2.0580207055903,-1.36906958325407,-1.64109844311604,-1.39273032397838,3.8963241620723,1.21453182298543,2.05665383374565,"""""(3R)-3-((3R,5S,7R,9S,10S,12S,13R,14S,17R)-3,7,12-trihydroxy-10,13-dimethylhexadecahydro-1H-cyclopenta[a]phenanthren-17-yl)butanoic acid""""_2"
349,8.94103052936117,8.94058687391604,8.3458725687555,8.30380116626203,6.31867615602648,8.29387517754365,8.24230365508003,8.03138048314226,7.60273830188867,7.85847139963326,7.39351598047904,7.60297677466829,"""""(4R)-4-((3R,5R,6R,7R,9S,10R,13R,14S,17R)-3,6,7-trihydroxy-10,13-dimethylhexadecahydro-1H-cyclopenta[a]phenanthren-17-yl)pentanoic acid"""""
21,2.00200999169207,2.88231255736112,0.558609505163065,-0.184536878422564,-1.45171956603147,3.51827336570519,-1.36906958325407,-1.64109844311604,1.92611847261773,2.28145095151803,-0.436910815869913,3.40521311394998,"""""(4R)-4-((3R,5R,6R,7S,9S,10R,13R,14S,17R)-3,6,7-trihydroxy-10,13-dimethylhexadecahydro-1H-cyclopenta[a]phenanthren-17-yl)pentanoic acid""""_1"
335,6.34019604773047,6.55786637074485,7.14883050286141,6.62049335148552,8.51437868332057,6.92479689742272,6.32841691970812,6.08568860775704,5.08440886260229,9.66162126771342,4.97505557730604,6.61840708060575,"""""(4R)-4-((3R,5R,6R,7S,9S,10R,13R,14S,17R)-3,6,7-trihydroxy-10,13-dimethylhexadecahydro-1H-cyclopenta[a]phenanthren-17-yl)pentanoic acid""""_2"
310,4.67815296009061,6.04928512699189,5.73232955534225,5.27630367841615,4.23396951816336,4.01486459192801,5.11908966717169,3.80128277941787,4.98377335096732,5.07488392208886,5.20715850195609,5.40745448749684,"""""(4R)-4-((3R,5R,6S,7R,9S,10R,12S,13R,14S,17R)-3,6,7,12-tetrahydroxy-10,13-dimethylhexadecahydro-1H-cyclopenta[a]phenanthren-17-yl)pentanoic acid"""""
331,6.13065853985263,5.8894060954928,5.83166534551869,5.68318504125396,3.0005449980563,4.58486867609938,5.57775903843799,5.39080069201676,5.73517928112795,6.3717050493433,6.12777187611228,6.69269449822736,"""""(4R)-4-((3R,5R,6S,7R,9S,10R,12S,13R,14S,17R)-3,6,7,12-tetrahydroxy-10,13-dimethylhexadecahydro-1H-cyclopenta[a]phenanthren-17-yl)pentanoic acid""""_1"
285,5.82368151576489,6.13256772086284,6.18621166342819,5.76885916981095,3.90001808324391,4.76648606463528,5.56277169773174,5.20412273839097,4.44632877875187,5.44843118732089,5.69897107481762,4.72884064484425,"""""(4R)-4-((3R,5R,6S,7R,9S,10R,12S,13R,17R)-3,6,7,12-tetrahydroxy-10,13-dimethylhexadecahydro-1H-cyclopenta[a]phenanthren-17-yl)pentanoic acid"""""
325,-1.6682064058064,-1.5135911532762,-1.39899032915547,-1.18670014857946,-1.45171956603147,-2.0580207055903,-1.36906958325407,-1.64109844311604,-1.39273032397838,-1.72225986555778,-1.61074370390214,-1.13153759055346,"""""(4R)-4-((3R,5R,7R,9S,10S,12S,13R,14S,17R)-7,12-dihydroxy-10,13-dimethyl-3-(sulfooxy)hexadecahydro-1H-cyclopenta[a]phenanthren-17-yl)pentanoic acid"""""
327,3.66994355167783,3.6538597472995,6.71068526829146,4.56140978830701,6.0498394242519,6.57990487509093,-1.36906958325407,4.94427037176012,-1.39273032397838,-1.72225986555778,-1.61074370390214,-1.13153759055346,"""""(4R)-4-((3R,5R,7R,9S,10S,12S,13R,14S,17R)-7,12-dihydroxy-10,13-dimethyl-3-(sulfooxy)hexadecahydro-1H-cyclopenta[a]phenanthren-17-yl)pentanoic acid""""_1"
339,-1.6682064058064,-1.5135911532762,2.6977805200546,-1.18670014857946,0.700592781182975,-2.0580207055903,-1.36906958325407,-1.64109844311604,-1.39273032397838,-1.72225986555778,-1.61074370390214,-1.13153759055346,"""""(4R)-4-((3R,5R,7R,9S,10S,12S,13R,14S,17R)-7,12-dihydroxy-10,13-dimethyl-3-(sulfooxy)hexadecahydro-1H-cyclopenta[a]phenanthren-17-yl)pentanoic acid""""_2"
35,-1.6682064058064,-1.5135911532762,-1.39899032915547,-1.18670014857946,-1.45171956603147,-2.0580207055903,-1.36906958325407,-1.64109844311604,-1.39273032397838,-1.72225986555778,-1.61074370390214,-1.13153759055346,"""""(4R)-4-((3R,5R,8R,9S,10S,12S,13R,17R)-12-hydroxy-10,13-dimethyl-3-(sulfooxy)hexadecahydro-1H-cyclopenta[a]phenanthren-17-yl)pentanoic acid"""""
344,-0.280342245719864,-1.5135911532762,-1.39899032915547,-1.18670014857946,-1.45171956603147,-2.0580207055903,-1.36906958325407,-1.64109844311604,-0.195853110109602,0.95816205964247,0.291193409965439,0.344175259709735,"""""(4R)-4-((3R,5S,6R,7R,9S,10R,12S,13R,14S,17R)-3,6,7,12-tetrahydroxy-10,13-dimethylhexadecahydro-1H-cyclopenta[a]phenanthren-17-yl)pentanoic acid"""""
14,7.51748187061573,7.00023797331537,6.47945217206435,6.36988890281749,4.58282075773024,6.62564597462551,5.65843814883287,5.38289638819574,6.94370979421589,6.68789337604888,6.46753440063271,6.42118943250208,"""""(4R)-4-((3R,5S,6S,7R,8R,9S,10R,12S,13R,17R)-3,6,7,12-tetrahydroxy-10,13-dimethylhexadecahydro-1H-cyclopenta[a]phenanthren-17-yl)pentanoic acid""""_1"
30,4.65651731339175,4.76291328832739,3.10858452838125,2.44616001155864,2.27282690421777,3.03899735085121,2.89833475197694,1.4047714990138,3.46389372501358,2.63747683078686,3.92351396923451,3.88164799375998,"""""(4R)-4-((3R,5S,6S,7R,8R,9S,10R,12S,13R,17R)-3,6,7,12-tetrahydroxy-10,13-dimethylhexadecahydro-1H-cyclopenta[a]phenanthren-17-yl)pentanoic acid""""_2"
59,5.81804551739063,5.33845583639758,6.17294922556293,5.12339661299646,3.42628255625776,4.58125374399663,5.35201832861241,4.85186028927993,0.813132584865726,6.08356964039727,1.96520920625734,3.39054623276119,"""""(4R)-4-((3S,5R,9S,10S,13R,14S,17R)-3-hydroxy-10,13-dimethyl-12-oxohexadecahydro-1H-cyclopenta[a]phenanthren-17-yl)pentanoic acid"""""
62,6.74982614673779,6.23246661476721,6.0733963922792,5.56222890760999,5.17481437572366,5.65560782716903,5.70901004385149,5.79777604948633,5.82813264659228,5.11820104763917,4.56207334596248,5.17609496050478,"""""(4R)-4-((3S,5R,9S,10S,13R,14S,17R)-3-hydroxy-10,13-dimethyl-12-oxohexadecahydro-1H-cyclopenta[a]phenanthren-17-yl)pentanoic acid""""_1"
77,5.92641322310453,6.04592235211259,4.11361133415935,5.23628794306579,2.2372717865835,4.92797448484319,4.84026377098977,1.42781300120777,2.12098475663385,2.60958459488339,1.98450670214822,3.50440848689666,"""""(4R)-4-((3S,5R,9S,10S,13R,14S,17R)-3-hydroxy-10,13-dimethyl-12-oxohexadecahydro-1H-cyclopenta[a]phenanthren-17-yl)pentanoic acid""""_2"
68,4.79692636467689,-1.5135911532762,-1.39899032915547,0.56682065423006,4.71637415997498,3.71588437253566,-1.36906958325407,3.96468106807031,4.48390129590669,-0.696343355774665,-1.61074370390214,-1.13153759055346,"""""(4R)-4-((3S,5S,7S,9S,10S,13R,14S,17R)-3,7-dihydroxy-10,13-dimethyl-12-oxohexadecahydro-1H-cyclopenta[a]phenanthren-17-yl)pentanoic acid"""""
81,1.21253669348042,-1.5135911532762,-1.39899032915547,-1.18670014857946,-1.45171956603147,0.229009833775963,-0.972358606915742,-0.796438207865545,-1.39273032397838,-0.594857627184756,-1.13299081281563,-1.13153759055346,"""""(4R)-4-((3S,5S,7S,9S,10S,13R,14S,17R)-3,7-dihydroxy-10,13-dimethyl-12-oxohexadecahydro-1H-cyclopenta[a]phenanthren-17-yl)pentanoic acid""""_1"
181,4.10729288135955,2.21974691293653,1.63173900689414,1.88326048954066,1.8934193568424,1.99520910541769,2.85647263202099,1.60117531223621,1.49349625841632,2.07617922199431,-1.61074370390214,2.15514305219727,"""""(R)-4-((1R,3S,5R,8S,9S,10S,13R,14S,17R)-1,3-dihydroxy-10,13-dimethylhexadecahydro-1H-cyclopenta[a]phenanthren-17-yl)pentanoic acid"""""
257,6.74100095734408,6.76882199711023,6.43142866437159,5.9786188184808,1.55134303679552,4.48392197622451,6.28712866586735,5.96607309446925,5.14787481573722,4.74509583119719,5.33696355315043,5.75462760029006,"""""(R)-4-((1R,3S,5S,7R,8S,9S,10S,12S,13R,14S,17R)-1,3,7,12-tetrahydroxy-10,13-dimethylhexadecahydro-1H-cyclopenta[a]phenanthren-17-yl)pentanoic acid"""""
1,6.39304258790028,5.76139763132955,3.01191603612726,5.42099116212717,4.97432123897687,-2.0580207055903,5.25789485058736,5.06709139710753,5.64475963534025,5.52276648055537,5.59489247414569,5.75680035451652,"""""(R)-4-((3R,5R,6R,7R,8R,9S,10R,12S,13R,14S,17R)-3,6,7,12-tetrahydroxy-10,13-dimethylhexadecahydro-1H-cyclopenta[a]phenanthren-17-yl)pentanoic acid""""_1"
52,-1.6682064058064,-0.360149527806603,-1.39899032915547,-1.18670014857946,-1.45171956603147,-2.0580207055903,-1.36906958325407,-1.64109844311604,2.08915046360725,1.99715880077691,3.05538382165494,2.98503756772549,"""""(R)-4-((3R,5R,6R,7R,8R,9S,10R,12S,13R,14S,17R)-3,6,7,12-tetrahydroxy-10,13-dimethylhexadecahydro-1H-cyclopenta[a]phenanthren-17-yl)pentanoic acid""""_2"
279,6.42737937446624,6.62264564650417,6.92991778756,6.42548850069118,5.47517168484154,5.67338906475775,6.30373458707091,5.90588308736459,5.50942757281578,5.85295931425795,5.58346146012916,6.20928525066501,"""""(R)-4-((3R,5R,6R,7R,8R,9S,10R,12S,13R,14S,17R)-3,6,7,12-tetrahydroxy-10,13-dimethylhexadecahydro-1H-cyclopenta[a]phenanthren-17-yl)pentanoic acid""""_3"
287,4.21579665471707,4.03730635254821,6.73857902153668,6.28858685144319,5.13787730528336,1.83882726299522,3.94406277512485,3.05375007624289,6.04938014594695,3.62142021842597,6.20741133842817,6.29935709024341,"""""(R)-4-((3R,5R,6R,7R,8R,9S,10R,12S,13R,14S,17R)-3,6,7,12-tetrahydroxy-10,13-dimethylhexadecahydro-1H-cyclopenta[a]phenanthren-17-yl)pentanoic acid""""_4"
290,4.01894595934854,3.50521054604728,5.55683089111461,3.31662994916144,4.87246258718301,4.53816262427203,3.02002201584034,1.98369381656853,6.18940959576038,3.55126698579012,6.50690302012167,5.9398314112786,"""""(R)-4-((3R,5R,6R,7R,8R,9S,10R,12S,13R,14S,17R)-3,6,7,12-tetrahydroxy-10,13-dimethylhexadecahydro-1H-cyclopenta[a]phenanthren-17-yl)pentanoic acid""""_5"
352,4.97213835011625,5.01123949021139,4.22238113737995,4.34183473728758,2.26259999513554,2.79783562493003,3.5031127182966,3.59327150798031,5.62399039368303,5.71151000335362,5.72477619068293,5.77955694815974,"""""(R)-4-((3R,5R,6R,7R,8R,9S,10R,12S,13R,14S,17R)-3,6,7,12-tetrahydroxy-10,13-dimethylhexadecahydro-1H-cyclopenta[a]phenanthren-17-yl)pentanoic acid""""_6"
342,6.50078855635855,6.43770048052661,6.18887131660527,4.67375951680117,4.24940042556131,5.33595671273828,5.93156559203265,4.75693126819213,4.94219108069075,6.05666623749043,5.24203971017513,6.17961515779884,"""""(R)-4-((3R,5R,6R,7S,8R,9S,10R,12S,13R,14S,17R)-3,6,7,12-tetrahydroxy-10,13-dimethylhexadecahydro-1H-cyclopenta[a]phenanthren-17-yl)pentanoic acid"""""
11,4.85667125985098,4.84643463721097,3.45611147762393,2.3766013252246,3.42326266073142,4.05236744341224,2.67436526458265,2.76772601984299,0.886771255971226,3.15833604211238,0.956135901763227,1.80327373752268,"""""(R)-4-((3R,5R,6R,7S,8S,9S,10R,13R,14S,17R)-3,6,7-trihydroxy-10,13-dimethylhexadecahydro-1H-cyclopenta[a]phenanthren-17-yl)pentanoic acid"""""
3,-1.6682064058064,3.82987824819309,4.37447786333396,4.42998921414517,4.95861266309968,-2.0580207055903,5.21463630832346,5.92650905413683,4.57660619418154,3.58655757855194,3.56620097761469,4.22259220283064,"""""(R)-4-((3R,5R,6S,7R,8S,9S,10R,13R,14S,17R)-3,6,7-trihydroxy-10,13-dimethylhexadecahydro-1H-cyclopenta[a]phenanthren-17-yl)pentanoic acid""""_1"
12,6.31191843839927,5.95344679693967,5.75083760666071,5.63937583292358,5.11265824556053,6.69393600904163,4.11996049073077,3.57454841425857,4.92752981903152,6.38820134417617,5.72963351738064,5.96403614657701,"""""(R)-4-((3R,5R,6S,7R,8S,9S,10R,13R,14S,17R)-3,6,7-trihydroxy-10,13-dimethylhexadecahydro-1H-cyclopenta[a]phenanthren-17-yl)pentanoic acid""""_2"
47,7.99277146510257,7.44726770144763,7.16704895835048,7.41031008402391,5.29669194271086,6.63771083711296,7.70054898106172,6.19535503765495,6.78569096639197,6.35615878138014,6.56583541866891,6.92657173969051,"""""(R)-4-((3R,5R,6S,7R,8S,9S,10R,13R,14S,17R)-3,6,7-trihydroxy-10,13-dimethylhexadecahydro-1H-cyclopenta[a]phenanthren-17-yl)pentanoic acid""""_3"
362,9.48057022340051,9.71061561747944,8.40275923895556,8.83730630570904,6.03774934463095,9.17782312858855,6.46126045122627,6.89507294621199,8.48934955195404,8.86439607794685,7.78119938190621,7.15023448779306,"""""(R)-4-((3R,5R,6S,7R,8S,9S,10R,13R,14S,17R)-3,6,7-trihydroxy-10,13-dimethylhexadecahydro-1H-cyclopenta[a]phenanthren-17-yl)pentanoic acid""""_4"
330,-1.6682064058064,-1.5135911532762,2.40788360210432,-1.18670014857946,3.25506749406754,-2.0580207055903,-1.36906958325407,2.9218324912103,-1.39273032397838,-1.72225986555778,-1.61074370390214,-1.13153759055346,"""""(R)-4-((3R,5R,7R,8R,9S,10S,12S,13R,14S,17R)-7,12-dihydroxy-10,13-dimethyl-3-(sulfooxy)hexadecahydro-1H-cyclopenta[a]phenanthren-17-yl)pentanoic acid"""""
338,-1.6682064058064,-1.5135911532762,-1.39899032915547,-1.18670014857946,-1.45171956603147,-2.0580207055903,-1.36906958325407,-1.64109844311604,-1.39273032397838,-1.72225986555778,-1.61074370390214,-1.13153759055346,"""""(R)-4-((3R,5R,7R,8R,9S,10S,12S,13R,14S,17R)-7,12-dihydroxy-10,13-dimethyl-3-(sulfooxy)hexadecahydro-1H-cyclopenta[a]phenanthren-17-yl)pentanoic acid""""_1"
332,-1.6682064058064,-1.5135911532762,-1.39899032915547,-1.18670014857946,-1.45171956603147,-2.0580207055903,-1.36906958325407,-1.64109844311604,-1.39273032397838,-1.72225986555778,-1.61074370390214,-1.13153759055346,"""""(R)-4-((3R,5R,8S,9S,10R,13R,14S,17R)-3-hydroxy-10,13-dimethyl-6-oxohexadecahydro-1H-cyclopenta[a]phenanthren-17-yl)pentanoic acid"""""
31,4.4203458349084,3.94313021583638,5.93691534037032,4.36604395847115,3.63217061535663,3.31046391665959,4.36808928051273,5.067147458758,2.5383789613496,3.44730094915151,2.57112563965023,3.9347008874754,"""""(R)-4-((3R,5S,7R,8R,9S,10S,12S,13R,14S,17R)-3,7,12-trihydroxy-10,13-dimethylhexadecahydro-1H-cyclopenta[a]phenanthren-17-yl)pentanoic acid"""""
78,4.64082019071884,3.0223307714729,3.40567388626877,3.1405054644741,4.33897161279519,2.8723152958891,3.56891200836086,3.34912280505972,3.61561038189075,2.65158817732974,1.70252950334516,3.31089758283535,"""""(R)-4-((3S,5S,7R,8R,9S,10S,13R,14S,17R)-3,7-dihydroxy-10,13-dimethyl-12-oxohexadecahydro-1H-cyclopenta[a]phenanthren-17-yl)pentanoic acid""""_1"
83,2.41326557979971,1.7313503403349,-1.39899032915547,-1.18670014857946,-1.45171956603147,-0.223892819122585,-0.788696486265553,-1.64109844311604,-1.39273032397838,-1.72225986555778,-1.61074370390214,-1.13153759055346,"""""(R)-4-((3S,5S,7R,8R,9S,10S,13R,14S,17R)-3,7-dihydroxy-10,13-dimethyl-12-oxohexadecahydro-1H-cyclopenta[a]phenanthren-17-yl)pentanoic acid""""_2"
48,4.98559504637772,4.85809924194924,5.14566099398467,4.38512695467249,3.95581472779403,4.87416877086922,3.10277181996822,3.20255794386632,6.16081660847685,4.28403769784686,6.09815287175427,4.21199151196229,"""""(R)-4-((3S,5S,7R,8R,9S,10S,13R,14S,17R)-3,7-dihydroxy-10,13-dimethyl-12-oxohexadecahydro-1H-cyclopenta[a]phenanthren-17-yl)pentanoic acid""""_3"
71,7.37215017563592,6.89567905344842,6.40393865953747,6.23239424135917,5.81627590494395,6.31613537641793,6.38414002111369,6.16044516599717,6.38411312846194,5.23581335929828,5.29220241051599,5.87326503093047,"""""(R)-4-((3S,5S,7R,8R,9S,10S,13R,14S,17R)-3,7-dihydroxy-10,13-dimethyl-12-oxohexadecahydro-1H-cyclopenta[a]phenanthren-17-yl)pentanoic acid""""_4"
38,6.18703110053676,6.03206597727799,5.76191479147092,5.81274599782786,4.5054057309976,4.79758832553502,5.60866659747085,5.45067140315311,4.9610191654486,6.34776587552022,4.90661897060255,6.51849972053414,"""""(R)-4-((3S,5S,7R,8R,9S,10S,13R,14S,17R)-3,7-dihydroxy-10,13-dimethyl-12-oxohexadecahydro-1H-cyclopenta[a]phenanthren-17-yl)pentanoic acid""""_5"
276,2.58094938900499,2.57853706578201,2.35217156884033,2.85483720583506,2.28118674155163,3.97107547605686,2.63478080526002,2.55811663378063,2.21019368895592,2.44853455974813,2.36654880543056,1.78161757265693,"""""(R)-4-((3S,5S,7R,8R,9S,10S,13R,14S,17R)-3,7-dihydroxy-10,13-dimethyl-12-oxohexadecahydro-1H-cyclopenta[a]phenanthren-17-yl)pentanoic acid""""_6"
366,6.9104052659067,7.29327907171389,4.64661944369915,5.27991411412776,5.16092729736854,6.78642262410073,-1.36906958325407,0.8654429806849,4.77598464315265,5.90091866151538,5.12430290418655,4.94877147374408,"""""(R)-4-((3S,5S,7R,8R,9S,10S,13R,14S,17R)-3,7-dihydroxy-10,13-dimethyl-12-oxohexadecahydro-1H-cyclopenta[a]phenanthren-17-yl)pentanoic acid""""_7"
185,4.27679859247043,2.88092286309828,4.00775762127878,4.1876936086576,3.56783928648582,2.90707458129401,4.1381735648269,3.69709609079123,3.16289574702411,2.4427810546655,2.99373314654631,2.65002064415321,"""""(R)-4-((5R,8R,9S,10S,13R,14S,17R)-10,13-dimethyl-3-oxohexadecahydro-1H-cyclopenta[a]phenanthren-17-yl)pentanoic acid"""""
74,6.81408128186702,6.88791786974852,6.55700448936479,6.61238504388123,5.92482729844423,5.63477861138612,6.14277768052123,2.35564446137306,6.29354595555723,4.98379510520044,-0.0636189809699461,-1.13153759055346,"""""1-({[2-(2-furylmethyl)-5-methylpyrrolidinyl]amino}methylene)-7-[8-({[2-(2-fury lmethyl)pyrrolidinyl]amino}methylene)-1,6-dihydroxy-3-methyl-5-(methylethyl)-7 -oxo(2-naphthyl)]-3,8-dihydroxy-6-methyl-4-(methylethyl)naphthalen-2-one """""
211,-1.6682064058064,-1.5135911532762,-1.39899032915547,-1.18670014857946,-1.45171956603147,-2.0580207055903,-1.36906958325407,-1.64109844311604,-1.39273032397838,-1.72225986555778,-1.61074370390214,-1.13153759055346,"""""1,2,3,4-tetrahydroharmane-3-carboxylic acid"""""
236,-1.6682064058064,-1.5135911532762,-1.39899032915547,-1.18670014857946,-1.45171956603147,-2.0580207055903,-1.36906958325407,-1.64109844311604,-1.39273032397838,-1.72225986555778,-1.61074370390214,-1.13153759055346,"""""2-((4R)-4-((5R,7R,8R,9S,10S,12S,13R,17R)-7,12-dihydroxy-10,13-dimethyl-3-oxohexadecahydro-1H-cyclopenta[a]phenanthren-17-yl)pentanamido)ethane-1-sulfonic acid"""""
274,-1.6682064058064,-1.5135911532762,-1.39899032915547,0.442742269309247,-1.45171956603147,-0.250146279933237,-1.36906958325407,-1.64109844311604,-1.39273032397838,2.00114523116086,0.76990242759575,-1.13153759055346,"""""2-((4R)-4-((5R,7R,8R,9S,10S,12S,13R,17R)-7,12-dihydroxy-10,13-dimethyl-3-oxohexadecahydro-1H-cyclopenta[a]phenanthren-17-yl)pentanamido)ethane-1-sulfonic acid""""_1"
5,3.48925868607496,3.58236801894631,2.44190896472912,3.56687362203084,2.56670693952848,2.43346090811701,1.43699560197743,2.58437683147639,4.28169572769166,3.46835959968905,4.45670858235398,4.49118258715978,"""""3alpha,7alpha-dihydroxy-12-oxo-5beta-cholanic acid"""""
358,4.59752111474558,5.03579682082672,3.91115827934812,5.81408999636987,4.46106439093446,5.71985304472795,2.21094020710121,5.28226916795827,5.82963905866591,5.56855346438149,6.43384896544963,6.51431676182198,"""""3alpha,7alpha-dihydroxy-12-oxo-5beta-cholanic acid""""_1"
218,-1.6682064058064,-1.5135911532762,-1.39899032915547,-1.18670014857946,-1.45171956603147,-2.0580207055903,-1.36906958325407,-1.64109844311604,-1.39273032397838,-1.72225986555778,-1.61074370390214,-1.13153759055346,"""""9,10-dihydrojasmonic acid """""
50,3.96325146281795,1.53072566996157,4.34545290797618,2.28282044830116,-1.45171956603147,0.883282451411216,1.87664054675417,1.29945375251803,-1.39273032397838,-1.72225986555778,-1.61074370390214,-1.13153759055346,"""""methyl (4R)-4-((3R,5S,7R,9S,10S,13R,15R,17R)-3,7,15-trihydroxy-10,13-dimethylhexadecahydro-1H-cyclopenta[a]phenanthren-17-yl)pentanoate"""""
72,4.5321844380442,4.62143916905756,4.42089883271937,3.38835629470817,-1.45171956603147,2.67953987510947,-1.36906958325407,-1.64109844311604,-1.39273032397838,-1.72225986555778,-1.61074370390214,-1.13153759055346,"""""methyl (R)-4-((3R,5S,7R,8R,9S,10S,13R,14S,15S,17R)-3,7,15-trihydroxy-10,13-dimethylhexadecahydro-1H-cyclopenta[a]phenanthren-17-yl)pentanoate"""""
314,-1.6682064058064,-1.5135911532762,-1.39899032915547,-1.18670014857946,-1.45171956603147,-2.0580207055903,-1.36906958325407,-1.64109844311604,-1.39273032397838,-1.72225986555778,-1.61074370390214,-1.13153759055346,"(2R,3R)-3,5-dihydroxy-2-(4-hydroxyphenyl)-7-methoxy-2,3-dihydrochromen-4-one"
96,-1.6682064058064,-1.5135911532762,-1.39899032915547,-1.18670014857946,-1.45171956603147,-2.0580207055903,-1.36906958325407,-1.64109844311604,-1.39273032397838,-1.72225986555778,-1.61074370390214,-1.13153759055346,(3-hydroxyhexadecanoyl)lysine
76,-1.6682064058064,-1.5135911532762,-1.39899032915547,-1.18670014857946,-1.45171956603147,-2.0580207055903,-1.36906958325407,-1.64109844311604,-1.39273032397838,-1.72225986555778,-1.61074370390214,-1.13153759055346,(3-hydroxypentadecanoyl)lysine_1
53,-1.6682064058064,-1.5135911532762,-1.39899032915547,-1.18670014857946,-1.45171956603147,-2.0580207055903,-1.36906958325407,-1.64109844311604,-1.39273032397838,-1.72225986555778,-1.61074370390214,-1.13153759055346,(3-hydroxypentadecanoyl)lysine_2
58,-1.6682064058064,-1.5135911532762,-1.39899032915547,-1.18670014857946,-1.45171956603147,-2.0580207055903,-1.36906958325407,-1.64109844311604,-1.39273032397838,-1.72225986555778,-1.61074370390214,-1.13153759055346,(3-hydroxypentadecanoyl)lysine_3
267,-1.6682064058064,-1.5135911532762,-1.39899032915547,-1.18670014857946,-1.45171956603147,-2.0580207055903,-1.36906958325407,-1.64109844311604,-1.39273032397838,-1.72225986555778,-1.61074370390214,-1.13153759055346,(E)-3-(4-hydroxy-3-methoxyphenyl)-N-[2-(4-hydroxyphenyl)ethyl]prop-2-enamide
229,-1.6682064058064,-1.5135911532762,-1.39899032915547,-1.18670014857946,-1.45171956603147,-2.0580207055903,-1.36906958325407,-1.64109844311604,3.87382793969506,3.80240356956111,3.07207710022401,3.28038692047718,(E)-undec-2-enedioic acid
241,-1.6682064058064,-1.5135911532762,-1.39899032915547,-1.18670014857946,-1.45171956603147,-2.0580207055903,-1.36906958325407,-1.64109844311604,-1.39273032397838,-1.72225986555778,-1.61074370390214,0.476021096925525,(E)-undec-2-enedioic acid_1
266,-1.6682064058064,-1.5135911532762,-1.39899032915547,-1.18670014857946,-1.45171956603147,-2.0580207055903,-1.36906958325407,-1.64109844311604,-1.39273032397838,-1.72225986555778,-1.61074370390214,-1.13153759055346,(Z)-3-(4-hydroxyphenyl)-N-[4-[[(E)-3-(4-hydroxyphenyl)prop-2-enoyl]amino]butyl]prop-2-enamide
133,-1.6682064058064,-1.5135911532762,-1.39899032915547,-1.18670014857946,-1.45171956603147,-2.0580207055903,-1.36906958325407,-1.64109844311604,-1.39273032397838,-1.72225986555778,-1.61074370390214,-1.13153759055346,1-(1Z-Hexadecenyl)-sn-glycero-3-phosphocholine
137,2.59902413410833,4.35324038810798,6.14095681153483,5.10951434274795,5.2029297829292,5.45222912360358,4.78150211556548,4.37512336799604,4.99617889355597,4.67865983470386,5.23380059564929,4.5439931875437,1-(1Z-Hexadecenyl)-sn-glycero-3-phosphocholine_1
139,-1.6682064058064,-1.5135911532762,4.10875128896699,3.53746545952058,4.01115570148579,3.73586336200694,2.51299212703837,1.77251539673258,2.67700964757295,3.3973166686012,4.80794653710105,0.975595643086228,1-(1Z-Hexadecenyl)-sn-glycero-3-phosphocholine_2
173,-1.6682064058064,-1.5135911532762,-1.39899032915547,-1.18670014857946,-1.45171956603147,3.65220472518963,-1.36906958325407,-1.64109844311604,1.30136754470158,2.05846459046353,2.52246169292741,0.62272348570883,1-(1Z-Hexadecenyl)-sn-glycero-3-phosphocholine_3
177,-1.6682064058064,-1.5135911532762,-1.39899032915547,-1.18670014857946,-1.45171956603147,0.0447555779067423,-1.36906958325407,-1.64109844311604,1.30136754470158,2.05846459046353,2.25402936725994,0.62272348570883,1-(1Z-Hexadecenyl)-sn-glycero-3-phosphocholine_4
182,-1.6682064058064,-1.5135911532762,1.51968196979721,1.95866164737393,-1.45171956603147,1.93156427736553,-1.36906958325407,0.221654487676046,2.79191562270364,2.02591716777595,2.70770130615998,1.75864455501117,1-(1Z-Hexadecenyl)-sn-glycero-3-phosphocholine_5
145,4.49597261950182,3.74905848870913,4.80195582077962,3.91644390621077,4.55749017117071,4.59733098075815,3.30249187076132,4.29717794949201,5.16475457139289,6.31811357989566,6.89630134344639,4.62475399992634,1-(9Z-Octadecenoyl)-sn-glycero-3-phosphocholine
150,5.9506313925148,5.39765145061221,6.29303208601932,5.81601026883229,6.21491582754112,6.03648302951596,5.16452745657143,5.83751235000898,6.64610635455,6.91123386633631,7.16400072271493,6.15136414536575,1-(9Z-Octadecenoyl)-sn-glycero-3-phosphocholine_1
129,0.545484499861489,-1.5135911532762,-1.39899032915547,-1.18670014857946,1.00327571341778,-2.0580207055903,-1.36906958325407,1.12141754643453,-1.39273032397838,-1.72225986555778,-1.61074370390214,1.10549598161956,1-(9Z-Octadecenoyl)-sn-glycero-3-phosphoethanolamine
356,-1.6682064058064,-1.5135911532762,-1.39899032915547,-1.18670014857946,-1.45171956603147,-2.0580207055903,-1.36906958325407,-1.64109844311604,-1.39273032397838,-1.72225986555778,-1.61074370390214,-1.13153759055346,1-Decanoyl-2-hydroxy-sn-glycero-3-phosphocholine
149,2.3939013786069,0.793307401130505,3.43363536811226,2.55734066485945,3.12682475292879,2.84386031350134,2.39586684383751,2.2452669326552,1.43299497044671,3.90558381671652,4.7024110340755,1.85192065644057,1-Heptadecanoyl-sn-glycero-3-phosphocholine
152,1.23184725500082,1.38166012657384,3.42162336254918,2.10503035546231,3.05654237821695,2.75827038175476,0.115461047670584,-0.405789475705294,1.68668958152611,4.02565113102683,4.72905078650352,1.38162468055272,1-Heptadecanoyl-sn-glycero-3-phosphocholine_1
154,1.03152895222901,1.38166012657384,2.28272629093948,1.61040710025075,3.07292259612355,2.0930284116145,0.115461047670584,0.853554865467867,2.40155062709649,4.02565113102683,4.61748971819701,1.38162468055272,1-Heptadecanoyl-sn-glycero-3-phosphocholine_2
156,4.20827408662641,4.17788924055693,5.30200490529274,4.85457703676971,5.29166362016043,4.70898294620209,4.3322023351841,4.34252808587268,4.46752227004357,4.99651587471032,5.24846946347632,3.41508094258023,1-Heptadecanoyl-sn-glycero-3-phosphocholine_3
162,-1.6682064058064,-1.5135911532762,-1.39899032915547,-1.18670014857946,1.73821055115399,-2.0580207055903,-1.36906958325407,1.89601567841094,1.17560754727456,2.05246198394184,1.9648249758555,1.01735449564283,1-Heptadecanoyl-sn-glycero-3-phosphocholine_4
128,6.10673032330119,5.71067594367101,6.713915869426,6.29967868978181,6.38077960015001,6.3663675620708,5.4206458413823,5.92233453088295,6.98877995560569,7.98734151707846,8.56319271321678,6.72421968934552,1-Heptadecanoyl-sn-glycero-3-phosphocholine_5
109,-1.6682064058064,-1.5135911532762,-1.39899032915547,-1.18670014857946,-1.45171956603147,-2.0580207055903,-1.36906958325407,-1.64109844311604,-1.39273032397838,-1.72225986555778,-1.61074370390214,-1.13153759055346,1-Hexadecanoyl-sn-glycero-3-phosphoethanolamine
117,-1.6682064058064,-1.5135911532762,-1.39899032915547,-1.18670014857946,-1.45171956603147,-2.0580207055903,-1.36906958325407,-1.64109844311604,-1.39273032397838,0.713535804716162,0.0575794286433711,-1.13153759055346,1-Hexadecanoyl-sn-glycero-3-phosphoethanolamine_1
134,-1.6682064058064,-1.5135911532762,1.86014260690691,1.15855384188294,-1.45171956603147,1.51159247054988,0.523477581254927,1.94054344819267,3.1635305240727,1.13404557613192,-1.61074370390214,0.155464709298307,1-Hexadecyl-sn-glycero-3-phosphocholine
138,0.179877134585539,-1.5135911532762,3.15890587600942,2.88995676249253,1.57189249274341,2.89345916796922,0.776747983027671,3.74281249687121,4.34113092866554,4.8606342840191,5.34493499941545,3.97696133048114,1-Hexadecyl-sn-glycero-3-phosphocholine_1
163,2.94382739382531,3.45553407894792,3.45237862984071,-1.18670014857946,4.39573346649064,2.87171322304969,2.54999050846184,2.24134165216092,3.73950678372846,2.79231234612294,2.50142899115832,3.15790567889001,1-Linoleoylglycerol
179,4.32914790539599,4.11036818836362,5.37963871551269,4.70295941513798,4.20117443342858,4.16434018277555,5.16418593604129,4.71599616425015,2.13977097131794,3.46673270053891,3.6162919918823,5.16126388754126,1-Linoleoylglycerol_1
75,3.77974991339128,3.12697666575773,3.749633723548,3.90732292374899,3.06675875901587,3.17808453219885,-0.843440220405971,2.27864095234606,-1.39273032397838,0.278250617203106,1.59125139219231,-1.13153759055346,1-Myristoyl-2-hydroxy-sn-glycero-3-phosphoethanolamine
80,6.51766702990912,6.4946270817846,6.75830390591305,6.64013846725975,5.84578570784818,5.44723239758597,4.20373762441684,3.59835641138229,3.29940616523221,4.2624106223635,3.88392986926702,4.30937889061569,1-Myristoyl-2-hydroxy-sn-glycero-3-phosphoethanolamine_1
79,-1.6682064058064,-1.5135911532762,-1.39899032915547,-1.18670014857946,-1.45171956603147,-2.0580207055903,-1.36906958325407,-1.64109844311604,-1.39273032397838,-1.72225986555778,-1.61074370390214,-1.13153759055346,1-Myristoyl-sn-glycero-3-phosphocholine
84,1.88223713113413,1.22027623110171,2.99644041297329,2.64317426934474,-0.378745201699489,1.92635727607419,0.606268104337048,1.80929045829163,3.47312573463831,3.95523314483785,4.40742691329869,2.30806423714067,1-Myristoyl-sn-glycero-3-phosphocholine_1
87,-1.6682064058064,-1.5135911532762,-0.862121321413415,-1.18670014857946,-1.45171956603147,-1.50024570383318,-1.36906958325407,-1.64109844311604,0.59924226850916,2.57752656770232,3.94122508026095,-1.13153759055346,1-Myristoyl-sn-glycero-3-phosphocholine_2
90,-1.6682064058064,-1.5135911532762,-1.39899032915547,-1.18670014857946,-1.45171956603147,-2.0580207055903,-1.36906958325407,-1.64109844311604,-1.39273032397838,-0.854900641174884,-1.2628785636872,-1.13153759055346,1-Myristoyl-sn-glycero-3-phosphocholine_3
123,5.65301716123816,5.74820532660857,6.0386154475367,5.9806586889691,3.82254455689898,4.60426801295253,1.05653981238306,4.20484328210936,1.32344141117736,4.14347178107711,5.08974004496219,2.77531036483265,1-Palmitoyl-2-hydroxy-sn-glycero-3-phosphoethanolamine
124,7.6347627765362,7.73364198007473,8.0201747415194,7.95552417826952,6.4142254972052,6.58139068042669,5.95925890380025,6.5153046366435,5.59534066570161,6.41056505854465,7.22723865964019,6.39204713567398,1-Palmitoyl-2-hydroxy-sn-glycero-3-phosphoethanolamine_1
103,2.06191857217419,-0.947197885565036,2.87803639502873,0.907902956845293,-1.45171956603147,2.41510577879794,-1.36906958325407,1.2829265213938,1.16393456766377,3.27222588251319,4.17528612820742,-0.054195580257848,1-Pentadecanoyl-sn-glycero-3-phosphocholine
106,3.36746383484405,2.8679069687436,4.57259001351948,3.58870488834786,2.93540930783191,3.22163544390973,2.82362922220517,2.97698969176173,4.06230829319801,4.31831758275009,4.61419705051747,2.88927362071332,1-Pentadecanoyl-sn-glycero-3-phosphocholine_1
119,0.737310899759705,-1.5135911532762,-1.39899032915547,-1.18670014857946,-1.45171956603147,1.45494920978177,-1.36906958325407,-1.64109844311604,-1.39273032397838,-1.72225986555778,-1.25075209950077,-1.13153759055346,1-Pentadecanoyl-sn-glycero-3-phosphocholine_2
357,-1.6682064058064,-1.5135911532762,-1.39899032915547,-1.18670014857946,-1.45171956603147,-2.0580207055903,-1.36906958325407,-1.64109844311604,-1.39273032397838,-1.72225986555778,-1.61074370390214,-1.13153759055346,1-Phenanthrenecarboxylic acid
158,-1.6682064058064,-1.5135911532762,-1.39899032915547,-1.18670014857946,-1.45171956603147,-2.0580207055903,-1.36906958325407,-1.64109844311604,1.30167868627608,-1.72225986555778,-1.61074370390214,-1.13153759055346,1-Stearoyl-2-hydroxy-sn-glycero-3-phosphocholine
171,5.73313576006773,5.30071227844906,6.48204980338594,5.98372862666237,7.1314267704699,6.47644633488911,5.34413480741631,6.29518359281937,5.86229761344058,6.97952149184609,7.75554138391439,5.90653447529568,1-Stearoyl-2-hydroxy-sn-glycero-3-phosphocholine_1
180,7.16108972641579,6.86322104546262,7.8602940122439,7.479006434399,8.48231150948233,7.83667914156896,7.05425186949563,7.69393437281746,7.30790515840844,7.61627979192598,8.19107843769551,7.25932982252174,1-Stearoyl-2-hydroxy-sn-glycero-3-phosphocholine_2
165,-1.6682064058064,2.83927401191537,4.99352130051923,4.6999532469338,5.59433537207984,4.54938037836479,4.01847310980411,4.40096764627734,-1.39273032397838,3.38665641958514,4.11065824068135,3.14789058349013,1-Stearoyl-2-hydroxy-sn-glycero-3-phosphoethanolamine
168,2.578414518448,2.83927401191537,5.05101971972458,4.92704232582496,5.84361219264364,4.62730971217072,4.31304247325106,4.61142785694532,-1.39273032397838,3.51020463499831,4.1958643619182,3.26087775129132,1-Stearoyl-2-hydroxy-sn-glycero-3-phosphoethanolamine_1
121,-1.6682064058064,-1.5135911532762,-1.39899032915547,-1.18670014857946,-1.45171956603147,-2.0580207055903,-1.36906958325407,-1.64109844311604,-0.856579117258328,-1.72225986555778,-1.61074370390214,-1.13153759055346,"1,4-dihydroxyheptadec-16-en-2-yl acetate"
278,-0.759726831908401,1.24331028344876,0.866831403522307,-1.18670014857946,-1.45171956603147,0.380274238796312,0.697896847758626,-1.20905054966714,-1.39273032397838,-1.72225986555778,-1.61074370390214,-1.13153759055346,"1,7-Bis(4-hydroxyphenyl)-3-heptanyl 6-O-[(2S,3R,4R)-3,4-dihydroxy-4-(hydroxymethyl)tetrahydro-2-furanyl]-beta-D-glucopyranoside"
61,8.83594138063172,8.24864069296523,7.62674321010507,7.67719351785324,6.64615176389974,7.72782509595115,7.8873243319393,6.89742624052248,7.82723430023342,7.25427760748184,6.67642323721421,7.28982903378524,12-Ketodeoxycholic acid
32,-1.6682064058064,-1.5135911532762,-1.39899032915547,-1.18670014857946,-1.45171956603147,-2.0580207055903,-1.36906958325407,-1.64109844311604,2.5420084284363,3.15637018745649,2.98759266881124,1.93315473913425,"13-Keto-9Z,11E-octadecadienoic acid"
136,0.663772118998663,0.888913465715421,1.06190934760693,1.78326244445946,1.14347443071962,0.469329607229487,0.81276736821304,1.74944781298734,3.40685950182916,4.43240325107211,4.257312528687,3.98860261929817,"13-Keto-9Z,11E-octadecadienoic acid_1"
4,-1.6682064058064,2.40153428858355,-1.39899032915547,-1.18670014857946,-1.45171956603147,-2.0580207055903,-1.36906958325407,-1.64109844311604,-1.39273032397838,-1.72225986555778,-1.61074370390214,-1.13153759055346,"13S-Hydroxy-9Z,11E,15Z-octadecatrienoic acid"
286,-1.6682064058064,-1.5135911532762,-1.39899032915547,-1.18670014857946,-1.45171956603147,-2.0580207055903,-1.36906958325407,-1.64109844311604,3.69026303717485,2.32419648672297,2.81742683401857,2.59523034047467,"13S-Hydroxy-9Z,11E,15Z-octadecatrienoic acid_1"
215,-1.6682064058064,-1.5135911532762,-1.39899032915547,-1.18670014857946,-1.45171956603147,-2.0580207055903,-1.36906958325407,-1.64109844311604,1.63953032062514,1.68903032724627,1.70499347802503,-1.13153759055346,2-(6-hydroxyhexyl)-3-methylidenebutanedioic acid
223,-1.6682064058064,-1.5135911532762,-1.39899032915547,-1.18670014857946,-1.45171956603147,-2.0580207055903,-1.36906958325407,-1.64109844311604,-1.39273032397838,-1.72225986555778,-1.61074370390214,-1.13153759055346,2-(beta-D-Glucopyranosyloxy)benzyl 1
213,-1.6682064058064,-1.5135911532762,-1.39899032915547,-1.18670014857946,-1.45171956603147,-2.0580207055903,-1.36906958325407,-1.64109844311604,-1.39273032397838,-1.72225986555778,-1.61074370390214,-1.13153759055346,2-oxindole-3-acetic acid
194,2.43705559241966,2.72368710457933,3.48828850993045,3.29476360013929,4.17531912959977,4.77070321920727,3.36034763991673,3.89660424121785,3.01168216099901,2.98894268177785,3.94768569799871,4.30513175313113,2'-Deoxyguanosine
170,5.24602993674875,5.0633034481283,3.04370387692603,2.64724743502098,-1.45171956603147,5.07253031819663,2.84816195732662,4.54007039413049,2.50467799254663,1.96264849992468,1.60625410462855,1.65111402103246,24S-Hydroxycholesterol
142,3.34377929882629,3.22544106511351,3.64426508570518,2.95333715536263,4.71965743792126,2.95626163364829,3.58540439077539,3.39497838940481,0.280375433045397,1.06218439253823,0.8583533793515,-1.13153759055346,26-Hydroxycholesterol-(25R)
184,-1.6682064058064,3.46488250865105,3.22258854261069,2.83068782963944,5.96533207275026,3.63051759336704,3.70960820493765,3.34167226723701,1.5568287747671,1.82966761317407,1.41602685943604,-1.13153759055346,26-Hydroxycholesterol-(25R)_1
37,3.92332028925505,3.70123197721765,3.94427096316524,3.98871574830653,3.18549984602488,3.18955488529954,4.67494854014139,3.9519295708129,1.99056593249714,1.5646494670514,1.8363180492143,1.62855382094458,3-oxo-5beta-cholanic acid
253,-1.6682064058064,0.704736947742846,-1.39899032915547,-1.18670014857946,-1.45171956603147,-2.0580207055903,-1.36906958325407,-1.64109844311604,-1.39273032397838,-1.72225986555778,-1.61074370390214,-1.13153759055346,"3,6-Bis(1H-indol-3-ylmethyl)-2,5-piperazinedione"
246,-1.6682064058064,-1.5135911532762,-1.39899032915547,-1.18670014857946,-1.45171956603147,-2.0580207055903,-1.36906958325407,-1.64109844311604,-1.39273032397838,-1.72225986555778,-1.61074370390214,-1.13153759055346,4-oxododecanedioic acid
248,-0.538180868599215,-1.5135911532762,-0.878503713892089,-1.18670014857946,-1.45171956603147,-2.0580207055903,-1.36906958325407,-1.64109844311604,4.36411724090979,4.51289202644984,4.41097490762634,4.67215318244731,4-oxododecanedioic acid_1
251,-1.6682064058064,-1.5135911532762,-1.39899032915547,-1.18670014857946,-1.45171956603147,-2.0580207055903,-1.36906958325407,-1.64109844311604,-1.39273032397838,-1.72225986555778,-1.61074370390214,-1.13153759055346,4-oxododecanedioic acid_2
101,-1.6682064058064,-1.5135911532762,-1.39899032915547,-1.18670014857946,-1.45171956603147,-2.0580207055903,-1.36906958325407,-1.64109844311604,-1.39273032397838,-1.72225986555778,-1.61074370390214,-1.13153759055346,5-Hydroxy-7-methoxyflavanone
237,-1.6682064058064,-1.5135911532762,-1.39899032915547,-1.18670014857946,-1.45171956603147,-2.0580207055903,-1.36906958325407,-1.64109844311604,-1.39273032397838,-1.72225986555778,-1.61074370390214,-1.13153759055346,"5,7-dihydroxy-2-(4-hydroxyphenyl)-2,3-dihydro-4H-chromen-4-one"
319,5.37463516742504,5.20849353859374,5.28388960219944,3.56686931160595,3.15402307512051,2.88460139570724,1.66675775400331,2.33595160993451,6.12599563180163,6.54920295115918,6.25442529997934,6.421206588472,5?-CHOLANIC ACID-3?-OL-6_7-DIONE
73,6.3484441682465,6.47807973901475,6.02599828599866,5.91230640729954,5.45166673842095,4.93547042163197,5.67578626680598,-1.64109844311604,5.8679750257635,-1.72225986555778,-1.61074370390214,4.98065016302398,"7b,9-Dihydroxy-3-(hydroxymethyl)-1,1,6,8-tetramethyl-5-oxo-1,1a,1b,4,4a,5,7a,7b,8,9-decahydro-9aH-cyclopropa[3,4]benzo[1,2-e]azulen-9a-yl acetate"
57,-1.6682064058064,-1.5135911532762,-1.39899032915547,-1.18670014857946,-1.45171956603147,-2.0580207055903,-1.36906958325407,-1.64109844311604,-1.39273032397838,-1.72225986555778,-1.61074370390214,-1.13153759055346,8-isopentenylnaringenin
2,-1.6682064058064,-1.5135911532762,-1.39899032915547,-1.18670014857946,-1.45171956603147,-2.0580207055903,-1.36906958325407,-1.64109844311604,0.929977295340993,-1.72225986555778,-1.21235660175643,-1.13153759055346,9(10)-EpOME
23,-1.6682064058064,-1.5135911532762,0.430316190511194,-1.18670014857946,-1.45171956603147,-0.0047759702292387,-1.36906958325407,-1.64109844311604,2.24914487028923,2.02151372347818,2.3070725674734,-0.166090623955733,9(10)-EpOME_1
39,-1.6682064058064,-1.5135911532762,-1.39899032915547,-1.18670014857946,-1.45171956603147,-2.0580207055903,-1.36906958325407,-1.64109844311604,2.40389328481021,2.40163651269972,2.31710257756264,0.476679847245649,9(10)-EpOME_2
127,1.13497334310654,1.85365831548236,1.54069858092768,1.76319177249619,-1.45171956603147,0.309751358966171,0.0658393786279197,-1.64109844311604,2.60082737446054,3.06991395472827,3.73235091054291,2.32506546462293,9(10)-EpOME_3
46,-1.6682064058064,-1.5135911532762,-1.39899032915547,-1.18670014857946,-1.45171956603147,-2.0580207055903,-1.36906958325407,-1.64109844311604,2.1914363323528,2.83734528327657,3.40276338855689,1.37978943377206,"9S-Hydroxy-10E,12Z,15Z-octadecatrienoic acid"
64,-1.6682064058064,-1.5135911532762,-1.39899032915547,-1.18670014857946,-1.45171956603147,-2.0580207055903,-1.36906958325407,-1.64109844311604,-1.39273032397838,-1.72225986555778,-1.61074370390214,-1.13153759055346,"9Z,11E,13E-Octadecatrienoic acid methyl ester"
70,3.07255984545753,2.98990220014534,2.9005943429651,3.36350979405602,-1.45171956603147,-1.59301555987976,1.84820518282548,-1.64109844311604,3.30614529168757,-0.145650681465382,-1.61074370390214,2.19440500777218,"9Z,11E,13E-Octadecatrienoic acid methyl ester_1"
88,-1.6682064058064,-1.5135911532762,-1.39899032915547,-1.18670014857946,-1.45171956603147,-2.0580207055903,-1.36906958325407,-1.64109844311604,2.50187176705092,-1.72225986555778,-1.61074370390214,-1.13153759055346,"9Z,11E,13E-Octadecatrienoic acid methyl ester_2"
188,0.908912013949243,1.17426983787988,-1.39899032915547,-1.18670014857946,-1.45171956603147,0.853315512625755,-1.36906958325407,0.842869803546476,2.57469960641991,1.14336485256142,-1.61074370390214,-1.13153759055346,"9Z,11E,13E-Octadecatrienoic acid methyl ester_3"
51,-1.6682064058064,-1.5135911532762,-1.39899032915547,-1.18670014857946,-1.45171956603147,-2.0580207055903,-1.36906958325407,-1.64109844311604,-1.39273032397838,-1.72225986555778,-1.61074370390214,-1.13153759055346,Ala-DCA
295,-1.6682064058064,-1.5135911532762,-1.39899032915547,-1.18670014857946,-1.45171956603147,-2.0580207055903,-1.36906958325407,-1.64109844311604,-1.39273032397838,-1.72225986555778,-1.61074370390214,-1.13153759055346,Ala-gMCA
354,6.52359317596954,6.60316104988363,5.94158027932579,5.8407483686785,4.80217923698954,5.87932927371425,5.74970377577752,5.56498489530744,5.02080422231747,5.31168044303788,4.67914604272586,4.84075789042084,alpha-muricholic acid
91,10.6565895739016,10.7427073600015,10.0061490176208,10.2468425165915,8.70806989487531,9.96791779853135,10.0557819490722,9.86996091668313,9.78011005254061,9.82699094677046,8.68878065495202,9.08867614113617,Arachidic acid
259,-1.6682064058064,-1.5135911532762,-1.39899032915547,-1.18670014857946,-1.45171956603147,3.23178934599584,-1.36906958325407,-1.64109844311604,-1.39273032397838,-1.72225986555778,-1.61074370390214,-1.13153759055346,Arg-bMCA
244,-1.6682064058064,-1.5135911532762,-1.39899032915547,-1.18670014857946,-1.45171956603147,-2.0580207055903,-1.36906958325407,-1.64109844311604,-1.39273032397838,-1.72225986555778,-1.61074370390214,-1.13153759055346,Arg-C8:0
317,3.85293706484941,3.75877466768475,2.48032673141331,2.68714666466007,-1.45171956603147,-2.0580207055903,-1.36906958325407,-1.64109844311604,2.67876855857249,3.6572645488716,2.40288907766065,0.875970919765596,Asn-CA
272,2.675461302999,3.14602129642692,-0.96086546300598,-0.693222515767339,-1.45171956603147,-2.0580207055903,-0.847945598681027,-1.18034630662644,-1.39273032397838,0.415940319053296,-1.61074370390214,-1.13153759055346,Asn-gMCA
239,-1.6682064058064,-1.5135911532762,-1.39899032915547,-1.18670014857946,-1.45171956603147,-2.0580207055903,-1.36906958325407,-1.64109844311604,-1.39273032397838,-1.72225986555778,-1.61074370390214,-1.13153759055346,azelaic acid
243,-1.6682064058064,-1.5135911532762,-1.39899032915547,-1.18670014857946,-1.45171956603147,-2.0580207055903,-1.36906958325407,-1.64109844311604,-1.39273032397838,-1.72225986555778,-1.61074370390214,-1.13153759055346,Azithromycin
108,-1.6682064058064,-1.5135911532762,-1.39899032915547,-1.18670014857946,4.74849438429596,2.89283324198532,-1.36906958325407,1.28283698898187,-1.39273032397838,-1.72225986555778,-1.61074370390214,-1.13153759055346,Bilirubin from METLIN
26,-1.6682064058064,-1.5135911532762,-1.39899032915547,-1.18670014857946,4.8869533833672,-2.0580207055903,-1.36906958325407,-1.64109844311604,-1.39273032397838,-1.72225986555778,-1.61074370390214,-1.13153759055346,biliverdin
271,-1.6682064058064,-1.5135911532762,-1.39899032915547,-1.18670014857946,-1.45171956603147,-2.0580207055903,-1.36906958325407,-1.64109844311604,-1.39273032397838,-1.72225986555778,-1.61074370390214,-1.13153759055346,C27H30O11
323,7.27145165485322,7.24811897126491,9.03274507584701,8.03668508546355,8.49914112297695,8.58465959348601,3.438267969832,7.94699434073507,5.59956909112076,5.32834279108281,2.92880580949608,3.11669242358233,Candidate sulfated cholic acid
337,5.42862632725768,5.01277738815388,7.28968091960394,6.69928463795513,6.13613150617358,6.02781113629484,-0.770592208216758,6.27946826997782,3.31829125716648,3.37638548216955,1.35660542526006,-1.13153759055346,Candidate sulfated cholic acid_1
365,-1.6682064058064,-1.5135911532762,-1.39899032915547,-1.18670014857946,-1.45171956603147,-2.0580207055903,-1.36906958325407,-1.64109844311604,-1.39273032397838,-1.72225986555778,-1.61074370390214,-1.13153759055346,CCG-208540
303,4.97577252488541,1.93357596638325,5.31623142795629,3.64663379178688,1.72268664762176,3.38891396461903,3.42311569114778,4.83472619178871,5.08721600057858,5.14348645482024,3.88539452195901,4.37912372894591,CHOLATE
316,7.65212623866175,7.81204797178566,9.08021186488882,8.20219065727263,4.80538780901039,8.66645713706348,4.40656931333321,7.97338468156017,6.42841255623428,4.96188578128914,5.90621435896599,4.95548566247223,Choldienic acid putative
6,-1.6682064058064,-1.5135911532762,5.62734202641011,6.24334102416915,-1.45171956603147,-2.0580207055903,-1.36906958325407,-1.64109844311604,5.50669784094174,6.615458570221,-1.61074370390214,-1.13153759055346,cholic acid
8,1.29002206398849,2.6218006987202,2.64470052802746,2.93873514918475,1.40822502990372,2.27187174239806,2.70786127370179,3.19365275144655,0.638267451862523,3.24864620092845,2.85623937044224,1.85230724303541,Cholic acid_1
16,-1.6682064058064,-1.5135911532762,-1.39899032915547,-1.18670014857946,-1.45171956603147,-2.0580207055903,-1.36906958325407,-1.64109844311604,-1.39273032397838,-1.72225986555778,-1.61074370390214,-1.13153759055346,Cholic acid_2
19,6.26391261000869,6.23265330331175,6.22355379080325,6.3221080814265,6.63797619749116,8.52432985382984,5.7348163605702,5.65158509164528,6.43609377741037,7.7950628624592,6.25129075935441,6.0444849476604,Cholic acid_3
20,6.61029662064437,5.8330071069479,6.21352656383006,6.07174609488426,5.58233756307381,7.32273972813848,5.68493071823792,5.5058040865458,5.8353564026282,6.93099290880376,6.01455732577836,5.80793612338851,Cholic acid_4
25,-1.6682064058064,-1.5135911532762,-1.39899032915547,-1.18670014857946,-1.45171956603147,5.59993278989289,-1.36906958325407,-1.64109844311604,-1.39273032397838,3.06230710158937,-1.61074370390214,-1.13153759055346,Cholic acid_5
27,-1.6682064058064,0.858020069910984,-1.39899032915547,-1.18670014857946,-1.45171956603147,6.46040664457355,-1.36906958325407,-1.64109844311604,-1.39273032397838,4.07808308920255,-1.61074370390214,-1.13153759055346,Cholic acid_6
28,5.34863102637001,5.41722261251185,4.44498882198276,5.42854012829635,5.26477344974693,2.8908632905616,4.39607021702559,4.94417428565813,5.49050381779,6.84214825150261,5.45256637071593,5.29098077840902,Cholic acid_7
41,5.41781446432771,5.33501199463952,5.45836607571032,4.85259832333386,3.51546760309534,3.74548870779102,3.32148717499333,2.39384485582419,5.61950536920017,5.80665621581147,5.64283928884937,5.89271276980746,Cholic acid_8
43,4.89045464666317,4.78620930099449,4.68448838746221,4.37908322052571,-1.45171956603147,-2.0580207055903,-1.36906958325407,1.05914570852814,5.35610077048017,5.697217349668,5.6404105036466,5.97853378272617,Cholic acid_9
54,5.33904716811646,4.83010068382729,3.69951032903146,0.728498990480137,1.57914517591246,4.63049723210208,4.69995014797007,3.02587251682128,2.33567834652099,1.1762608741443,1.48441389974724,2.8310727537851,Cholic acid_10
56,-1.6682064058064,-1.5135911532762,-1.39899032915547,-1.18670014857946,-1.45171956603147,-2.0580207055903,-1.36906958325407,-1.64109844311604,-0.182592396472725,0.0659792079933021,1.40296678239267,1.90476003506712,Cholic acid_11
292,5.66538154908526,5.63576953660783,5.22068953018275,4.93123988026928,0.935905981478416,4.73324097391234,5.03089817711114,4.7428636864701,3.73304663683079,4.08220488933372,3.8357694020602,2.39032483088043,Cholic acid_12
305,-1.6682064058064,-1.5135911532762,-1.39899032915547,-1.18670014857946,-1.45171956603147,-2.0580207055903,-1.36906958325407,-1.64109844311604,-1.39273032397838,-1.72225986555778,-1.61074370390214,-1.13153759055346,Cholic acid_13
306,3.68022270022518,3.65152438084886,3.70890034156955,3.50669972618778,2.37636767418087,2.23241090303334,2.48492420913046,2.9184944120219,3.40448148583871,4.12449884180087,3.74789403650294,3.98447250481287,Cholic acid_14
321,6.87679787563875,7.01369018756432,8.11069002792458,7.23957117268268,7.60720656383948,7.73412551886892,6.14024359075941,7.12913460076056,5.47323658761095,5.82690780699869,5.26752625093252,3.73775191230287,Cholic acid_15
322,5.20930981818617,5.27433542767975,6.30158945584023,5.18272031546955,6.20179002681466,6.3615062787996,0.718485679178765,5.46783792053803,2.84272907227149,2.71003212960662,1.73531700034561,-1.13153759055346,Cholic acid_16
324,5.68128565146166,6.79427356997384,6.85675473039657,6.21285194454121,5.51361345684889,6.42087283661696,3.89397521831728,6.03456849638735,4.69222250619226,4.80833739985671,4.91439161330355,5.3751612999992,Cholic acid_17
328,-1.6682064058064,-1.5135911532762,-1.39899032915547,-1.18670014857946,-1.45171956603147,-2.0580207055903,-1.36906958325407,-1.64109844311604,-1.39273032397838,-1.72225986555778,-1.61074370390214,-1.13153759055346,Cholic acid_18
346,5.74769868204481,5.60089537986382,5.255038533407,5.45444513540481,4.16884639992752,5.29289654390958,5.24750374924221,5.02852573660863,3.87779078930029,4.03968943554224,-1.61074370390214,-1.13153759055346,Cholic acid_19
347,9.82629675497371,9.82334608552652,9.16549531826203,9.12445880656492,8.17475409709473,9.13714763081558,8.92034724624681,8.82891025212004,8.4055850549508,8.69667748371008,8.13356108463701,5.4215010298785,Cholic acid_20
353,7.73568162566575,7.69056521647711,6.76080756822924,6.54304509030928,-1.45171956603147,6.90381887814564,6.43887617803931,6.34452205138941,5.26403282171901,5.9717429746727,-1.61074370390214,-1.13153759055346,Cholic acid_21
187,-1.6682064058064,-1.5135911532762,-1.39899032915547,-1.18670014857946,-1.45171956603147,-2.0580207055903,-1.36906958325407,-1.64109844311604,-1.39273032397838,-1.72225986555778,-1.61074370390214,-1.13153759055346,cis-7-Hexadecenoic acid methyl ester
144,2.71559850790278,3.56327190897932,3.79540772256464,3.4884106078352,2.3620440530501,1.41878799231612,3.05100577540633,-1.64109844311604,2.53899720247087,2.17589664927645,2.07497958427974,2.49925055672795,Commendamide
104,-1.6682064058064,-1.5135911532762,-1.39899032915547,-1.18670014857946,-1.45171956603147,-2.0580207055903,-1.36906958325407,-1.64109844311604,-1.39273032397838,-1.72225986555778,-1.61074370390214,-1.13153759055346,Conjugated linoleic Acid (10E
143,-1.6682064058064,-1.5135911532762,-1.39899032915547,-1.18670014857946,-1.45171956603147,-2.0580207055903,-1.36906958325407,-1.64109844311604,-1.39273032397838,-1.72225986555778,0.583846454015502,-1.13153759055346,Conjugated linoleic Acid (10E_1
186,-1.6682064058064,-1.5135911532762,-1.39899032915547,-1.18670014857946,-1.45171956603147,-2.0580207055903,0.55205884294815,-1.64109844311604,-1.39273032397838,-1.72225986555778,0.655491193328477,-1.13153759055346,Conjugated linoleic Acid (10E_2
130,-1.6682064058064,-1.5135911532762,-1.39899032915547,-1.18670014857946,-1.45171956603147,-2.0580207055903,-1.36906958325407,-1.64109844311604,-1.39273032397838,-1.72225986555778,-1.61074370390214,-1.13153759055346,"Conjugated linoleic Acid (10E,12Z)"
183,-1.6682064058064,-1.5135911532762,-1.39899032915547,-1.18670014857946,1.07396177557073,0.521107809539895,0.85235839165922,-1.64109844311604,0.367140263018642,-1.72225986555778,0.940687836139361,2.45271234168451,"Conjugated linoleic Acid (10E,12Z)_1"
219,-1.6682064058064,-1.5135911532762,-1.39899032915547,-1.18670014857946,-1.45171956603147,-2.0580207055903,-1.36906958325407,-1.64109844311604,-1.39273032397838,-0.253302423419475,0.300046112125429,-1.13153759055346,Cyclo(proline-leucine)
98,8.75289557906111,8.60824258859688,7.81732856436415,7.77333599897375,6.20214025098956,8.33232259390881,8.47695959449193,7.47942619042172,5.06507806331136,5.09440838292353,5.5162264031848,5.55355279238203,D-erythro-C18-Sphingosine
107,6.64705969980884,6.08637225438354,4.88551778472968,6.10032895188203,4.37236622250035,4.78831907740892,6.3526721891485,3.59213845652654,3.13787323768261,3.96198337885623,4.08880601574858,4.1330037090562,D-erythro-C18-Sphingosine_1
112,4.9020203010508,4.79743018158327,3.33646668599363,3.06989856602656,3.11860346534594,4.40661667467811,4.4886070757522,3.00412635731723,-1.39273032397838,-1.72225986555778,-1.61074370390214,-1.13153759055346,D-erythro-Sphinganine
146,4.07870296060798,2.02435847016923,4.57565801969176,0.269211703726691,2.13389497053875,-2.0580207055903,-1.36906958325407,4.12865753450342,-1.39273032397838,-1.72225986555778,0.161708982538843,-1.13153759055346,D-erythro-Sphinganine_1
193,-1.6682064058064,-1.5135911532762,-1.39899032915547,-1.18670014857946,-1.45171956603147,-2.0580207055903,-1.36906958325407,-1.64109844311604,-1.39273032397838,-1.72225986555778,-1.61074370390214,-1.13153759055346,D-PANTOTHENIC ACID
201,5.25532609691473,4.99951695876692,4.83858761341621,5.07118468141018,4.86805031401653,4.54793940987403,4.69908609055348,4.70915506182785,3.88285400676983,4.43630088223735,4.83454070954653,4.98900085987385,D-PANTOTHENIC ACID_1
203,-1.6682064058064,-1.5135911532762,-1.39899032915547,-1.18670014857946,-1.45171956603147,-2.0580207055903,-1.36906958325407,-1.64109844311604,-1.39273032397838,-1.72225986555778,-1.61074370390214,-1.13153759055346,D-PANTOTHENIC ACID_2
155,3.76664963252151,5.43562682921406,5.02521260380363,2.61149795955999,0.940771665111804,3.03440502320373,4.97440649541275,4.73474700202266,4.17865036923539,4.31917487483492,3.43018382659707,0.493648678848784,DEOXYCHOLATE
92,8.14934062474159,8.20676079693509,7.52356860035253,7.74582015477937,6.17524816017329,7.43512438768401,7.60078304995624,7.37572228785437,7.25886948804971,7.29564794815017,6.13729841902928,6.5340884548459,deoxycholic acid
93,10.0860782960859,7.25994651056046,9.22421513948086,5.56930083620765,9.46016991965922,9.41322997077859,-1.36906958325407,8.13197191027649,9.26039622627234,9.08355221691841,8.94659626567994,10.6366391726751,Deoxycholic acid_1
228,-1.6682064058064,-1.5135911532762,-1.39899032915547,-1.18670014857946,-1.45171956603147,-2.0580207055903,-1.36906958325407,-1.64109844311604,-1.39273032397838,-1.72225986555778,-1.61074370390214,-1.13153759055346,Dicoumaroyl Spermidine
231,-1.6682064058064,-1.5135911532762,-1.39899032915547,-0.534660304171746,-1.45171956603147,-2.0580207055903,-1.36906958325407,0.254043992469422,-1.39273032397838,-1.72225986555778,-1.61074370390214,-1.13153759055346,Dicoumaroyl Spermidine_1
240,-1.6682064058064,-1.5135911532762,-1.39899032915547,-1.18670014857946,-1.45171956603147,-2.0580207055903,-1.36906958325407,-1.64109844311604,-1.39273032397838,-1.72225986555778,-1.61074370390214,-1.13153759055346,Diferuloyl putrescine
258,-1.6682064058064,-1.5135911532762,-1.39899032915547,-1.18670014857946,-1.45171956603147,-2.0580207055903,-1.36906958325407,-1.64109844311604,-1.39273032397838,-1.72225986555778,-1.61074370390214,-1.13153759055346,Diferuloyl putrescine_1
202,-1.6682064058064,-1.5135911532762,-1.39899032915547,-1.18670014857946,2.19507974462042,0.410498901747935,-1.36906958325407,1.54736818119905,-1.39273032397838,-1.72225986555778,-1.61074370390214,-1.13153759055346,DL-Phenylalanine
326,-1.6682064058064,-1.5135911532762,-1.39899032915547,-1.18670014857946,-1.45171956603147,-2.0580207055903,-1.36906958325407,-1.64109844311604,-1.39273032397838,-1.72225986555778,-1.61074370390214,-1.13153759055346,Dodecanedioic acid
270,-1.6682064058064,-1.5135911532762,-1.39899032915547,-1.18670014857946,-1.45171956603147,-2.0580207055903,-1.36906958325407,-1.64109844311604,-1.39273032397838,-1.72225986555778,-1.61074370390214,-1.13153759055346,Enterodiol
315,-1.6682064058064,-1.5135911532762,-1.39899032915547,-1.18670014857946,-1.45171956603147,-2.0580207055903,-1.36906958325407,-1.64109844311604,-1.39273032397838,-1.72225986555778,-1.61074370390214,-1.13153759055346,Enterolactone
364,-1.6682064058064,-1.5135911532762,-1.39899032915547,-1.18670014857946,-1.45171956603147,-2.0580207055903,2.45507517605545,-1.64109844311604,-1.39273032397838,-1.72225986555778,-1.61074370390214,-1.13153759055346,Fructoselysine
313,-1.6682064058064,-1.5135911532762,-1.39899032915547,-1.18670014857946,-1.45171956603147,-2.0580207055903,-1.36906958325407,-1.64109844311604,-0.373965523945049,1.57149505810584,0.694627583410267,-1.13153759055346,Gln-CA
318,3.98529479352648,4.080873101912,-1.39899032915547,-1.18670014857946,-1.45171956603147,2.55513764858723,-1.36906958325407,-1.64109844311604,0.744328520944546,3.61445331662206,0.694627583410267,0.567352322621016,Gln-CA_1
329,-0.278562007570302,-1.5135911532762,-1.39899032915547,-1.18670014857946,-1.45171956603147,-2.0580207055903,-1.36906958325407,-1.64109844311604,-1.39273032397838,0.0342423715702482,0.355375996891714,-1.13153759055346,Gln-CA_2
176,-1.6682064058064,-1.5135911532762,-1.39899032915547,-1.18670014857946,-1.45171956603147,-2.0580207055903,-1.36906958325407,-1.64109844311604,-1.39273032397838,-1.72225986555778,-1.61074370390214,-1.13153759055346,Glochidone
284,3.45924120015384,3.67973864393391,3.70165734587402,1.40551149419201,1.67976011519321,3.33932704065638,3.06359518580039,3.71899250212482,-0.253310009141544,1.53073098661126,1.41057888217007,1.71804156686428,Glu-bMCA
294,2.19693461372161,1.33013365139159,1.72388530330127,0.212575463349112,-1.45171956603147,2.6118391061899,-0.852837505496219,-1.64109844311604,0.727735667916646,1.23223713364317,-1.61074370390214,-1.13153759055346,Glu-bMCA_1
340,3.98505340476872,3.961742518368,2.62328570405077,1.34209034316871,-1.45171956603147,4.48369791784664,2.58496028398556,4.20946110778594,1.22784409216921,3.04170475912305,0.650438951676362,0.0801617159004184,Glu-CA
34,2.70869381759543,2.65108026682045,-1.39899032915547,-1.18670014857946,-0.302052433360515,2.58182669148937,0.247247470679102,1.61919896790999,-1.39273032397838,-0.83011514172123,-0.717842059180089,-1.13153759055346,Glu-CDCA
42,-1.6682064058064,-1.5135911532762,-1.39899032915547,-1.18670014857946,-1.45171956603147,-2.0580207055903,-1.36906958325407,-1.64109844311604,-1.39273032397838,0.0381730043460884,-0.680328119730647,-1.13153759055346,Glu-DCA
210,-1.6682064058064,-1.5135911532762,-1.39899032915547,-1.18670014857946,-1.45171956603147,-2.0580207055903,-1.36906958325407,-1.64109844311604,-1.39273032397838,-1.72225986555778,-1.61074370390214,-1.13153759055346,Glutamylphenylalanine (isomer of 1503)
334,4.76205388858681,3.62994329658794,4.26862209497567,2.02324009484764,-1.45171956603147,3.71389567915852,3.83511108136175,3.70500518249674,2.38291679356701,3.44977568493571,2.24114122600926,3.84196735432024,Glycan 3.alpha.
44,4.33654581702532,3.67255032989994,1.01180784990318,0.619263595510287,1.84923060097635,3.65504120070623,2.10590240434386,1.87044446076744,-1.39273032397838,1.42915989952049,-1.61074370390214,-1.13153759055346,Glycodeoxycholic acid
49,0.485046656776901,-1.5135911532762,-1.39899032915547,-1.18670014857946,-1.45171956603147,-2.0580207055903,-1.36906958325407,-1.64109844311604,-1.39273032397838,-1.72225986555778,-1.61074370390214,-1.13153759055346,Glycodeoxycholic acid_1
191,1.13113127245565,-0.255145878977264,1.78162684661151,2.07713113530965,4.86351586418586,3.24199466298045,2.01086146549666,2.84684908588849,4.82892044036071,5.34778539608089,5.77667312837436,5.35046750809507,Guanosine
247,-1.6682064058064,-1.5135911532762,-1.39899032915547,-1.18670014857946,-1.45171956603147,-2.0580207055903,-1.36906958325407,-1.64109844311604,-1.39273032397838,-1.72225986555778,-1.61074370390214,-1.13153759055346,His-bMCA
280,1.34905005153034,-1.5135911532762,-1.39899032915547,-1.18670014857946,-1.45171956603147,1.92761559183438,1.12233699404493,2.11598672090259,-0.258499293946095,2.11600690072314,1.64720786024117,2.03331801723076,His-CA
336,0.415944801775173,-1.5135911532762,-1.39899032915547,-1.18670014857946,-1.45171956603147,-2.0580207055903,-1.36906958325407,-1.64109844311604,-0.00933611662284051,-1.72225986555778,-1.61074370390214,0.651496422356241,His-UDCA
256,0.564227577174131,1.5278149446605,1.37299225704001,-1.18670014857946,-1.45171956603147,0.689792999870324,-1.36906958325407,-1.64109844311604,-1.39273032397838,-1.72225986555778,0.0978273169342128,-1.13153759055346,Histidine conjugated cholic acid
9,7.45362718590753,4.4475165375155,4.92611684559309,3.98524224315926,6.91650505078215,3.97401456637712,6.93909544061581,3.33714991524129,4.47942623067456,3.94114165487174,3.74619875171445,4.63704988758789,hyocholic acid
18,-1.6682064058064,-1.5135911532762,-1.39899032915547,-1.18670014857946,-1.45171956603147,-2.0580207055903,-1.36906958325407,-1.64109844311604,-1.39273032397838,-1.72225986555778,-1.61074370390214,-1.13153759055346,hyocholic acid_1
343,10.7388659070428,10.7397253367706,10.0212149403733,9.99077489087606,9.05442784254288,10.1081026630358,6.90555405623809,9.67201336643569,9.38990470691187,6.77603799160934,9.11127403593131,9.26254877707171,hyocholic acid_2
351,8.66926506509594,8.57036819736285,7.41042454364953,7.17971647908709,5.80249930919652,8.00264430200807,7.17821557076041,7.06629450260996,5.80331826918067,6.49593014092183,5.75719226565545,5.65105723859274,hyocholic acid_3
359,7.78326910652465,7.99579681533725,4.60814528677775,4.29059439888417,0.828482845616103,7.37336934453722,2.563847812446,2.56993284562831,5.02884587230615,5.91751350542686,4.3756169276617,3.0511532046959,hyocholic acid_4
360,9.13708692074175,9.33806240377907,8.17110994559912,8.49287490628532,6.32454577094856,8.72356349405894,9.78386740419688,7.0028468802431,8.04171986248808,8.43275860416952,7.4932035206701,7.21635725369367,hyocholic acid_5
66,-1.6682064058064,-1.5135911532762,-1.39899032915547,-1.18670014857946,6.2010082804388,4.98166864931834,5.29430776646121,5.42717360364493,-1.39273032397838,-1.72225986555778,-1.61074370390214,-1.13153759055346,Ile-Arg
198,-1.6682064058064,-1.5135911532762,-1.39899032915547,-1.18670014857946,1.35834068704551,4.38943813999094,2.50032101007453,3.4960067960921,-1.39273032397838,-1.72225986555778,-1.61074370390214,-1.13153759055346,Ile-Arg_1
222,-1.6682064058064,-1.5135911532762,-1.39899032915547,-1.18670014857946,4.64741422243212,-0.503912627765815,4.07489039918392,4.04637146403685,-1.39273032397838,-1.72225986555778,-1.61074370390214,-1.13153759055346,Ile-Gly-Ile
200,-1.6682064058064,-1.5135911532762,-1.39899032915547,-1.18670014857946,-1.45171956603147,1.78115353455028,-1.36906958325407,2.63697970761437,-1.39273032397838,-1.72225986555778,-1.61074370390214,-1.13153759055346,Ile-Ile-Arg
189,-1.6682064058064,-1.5135911532762,-1.39899032915547,-1.18670014857946,-0.494749325978233,0.0859973029357279,-0.0708083330373936,-0.674351664073392,-1.39273032397838,-1.72225986555778,-1.61074370390214,-1.13153759055346,Ile-Leu-Lys
195,-1.6682064058064,-1.5135911532762,-1.39899032915547,-1.18670014857946,3.18764383544348,2.62001484409861,2.79933900741247,2.11576806200216,-1.39273032397838,-1.72225986555778,-1.61074370390214,-1.13153759055346,Ile-Leu-Lys_1
196,-1.6682064058064,-1.5135911532762,-1.39899032915547,-1.18670014857946,2.5982820119745,1.43849036717352,0.0898629416387235,1.83488374508782,-1.39273032397838,-1.72225986555778,-1.61074370390214,-1.13153759055346,Ile-Lys
320,2.4278913805245,2.99253617289507,3.41037724826342,2.28289204922699,6.16358667506724,5.67743130862892,6.12230850096412,5.805637364249,-1.39273032397838,-1.72225986555778,-1.61074370390214,-1.13153759055346,Ile-Lys_1
225,-1.6682064058064,-1.5135911532762,-1.39899032915547,-1.18670014857946,4.02887530872135,0.286280153819447,1.97253266467473,1.60656880687975,-1.39273032397838,-1.72225986555778,-1.61074370390214,-1.13153759055346,Ile-Pro-Ile
209,-1.6682064058064,-1.5135911532762,-1.39899032915547,-1.18670014857946,-1.07818149608556,-0.292937856137834,0.991174018969928,1.93197058204441,-1.39273032397838,-1.72225986555778,-1.61074370390214,-1.13153759055346,Ile-Tyr
10,3.05561064016525,3.6833302270605,1.92276015275409,0.537046552603539,-1.45171956603147,0.318691832156987,2.35706430921252,2.62165531896678,-1.39273032397838,-1.30831882221937,-1.61074370390214,-1.13153759055346,Ile/Leu-bMCA
55,-1.6682064058064,0.110846085672762,-1.39899032915547,-1.18670014857946,-1.45171956603147,-2.0580207055903,-1.36906958325407,-1.64109844311604,-1.39273032397838,-1.72225986555778,-1.61074370390214,-1.13153759055346,Ile/Leu-CA
192,-1.6682064058064,-1.5135911532762,-1.39899032915547,0.665269664320085,-1.45171956603147,-0.279547522156238,-1.36906958325407,-1.64109844311604,2.73200307552763,2.90690652333636,3.14351853828406,3.58066000676391,Inosine
220,-1.6682064058064,-1.5135911532762,-1.39899032915547,-1.18670014857946,-1.45171956603147,-2.0580207055903,-1.36906958325407,-1.64109844311604,-1.39273032397838,-1.72225986555778,-1.61074370390214,-1.13153759055346,Ketamine|2-(2-chlorophenyl)-2-(methylamino)-1-cyclohexanone
204,-1.6682064058064,-1.5135911532762,-1.39899032915547,-1.18670014857946,-1.45171956603147,-2.0580207055903,-1.36906958325407,-1.64109844311604,-1.39273032397838,-1.72225986555778,-1.61074370390214,-1.13153759055346,L-Tryptophan
205,4.3102157193821,-1.5135911532762,3.17320562547303,-1.18670014857946,-1.45171956603147,2.75651801893585,-1.36906958325407,3.18855173408583,3.21806756815231,3.76766733548801,1.61901001144461,3.28099515526704,L-Tryptophan_1
206,3.99987725446036,5.23661610737992,2.87721327109869,7.02461837834967,6.1125599904265,2.97516362252634,2.57312778464985,0.948283211333003,2.83472505632805,5.70517383056172,2.36230503802991,5.74704050939148,L-Tryptophan_2
207,5.96631590833106,-1.5135911532762,5.2699477578258,-1.18670014857946,-1.45171956603147,-2.0580207055903,3.53474487016937,5.46743739542284,-1.39273032397838,5.52254639410554,0.541997071709625,6.31006028242351,L-Tryptophan_3
208,-1.6682064058064,-1.5135911532762,2.66637963183956,-1.18670014857946,2.54188657172831,1.79265765696369,-1.36906958325407,2.74012052421252,-1.39273032397838,-1.72225986555778,-1.61074370390214,-1.13153759055346,L-Tryptophan_4
60,2.07825165383695,-1.5135911532762,3.44328786240626,1.94895057684057,-1.45171956603147,1.04181887010596,1.57133411389089,-1.64109844311604,2.97210009328391,2.68354374777521,2.67253629756369,1.88240582513466,Lauroyl L-carnitine
67,-1.6682064058064,-1.5135911532762,-1.39899032915547,-1.18670014857946,-1.45171956603147,-2.0580207055903,-1.36906958325407,-1.64109844311604,-1.39273032397838,-1.72225986555778,-1.61074370390214,-1.13153759055346,Lauroyl L-carnitine_1
350,2.47154090672793,2.19529029356899,3.98166257240289,3.81832648337249,5.68438050796564,5.65519915711026,2.60376782990159,2.16244693601322,-1.39273032397838,-1.72225986555778,-1.61074370390214,-1.13153759055346,Leu-Glu-Lys
212,-1.6682064058064,-1.5135911532762,-1.39899032915547,-1.18670014857946,1.18094737715122,0.501372095021814,2.76110224757048,1.28848643904285,-1.39273032397838,-1.72225986555778,-1.61074370390214,-1.13153759055346,Leu-Gly-Leu
190,-1.6682064058064,-1.5135911532762,-1.39899032915547,-1.18670014857946,-1.45171956603147,1.80603121679653,-1.36906958325407,-1.64109844311604,-1.39273032397838,-1.72225986555778,-1.61074370390214,-1.13153759055346,Leu-Leu-Arg
199,-1.6682064058064,-1.5135911532762,-1.39899032915547,-1.18670014857946,2.58944935485804,4.79060808971853,2.79789329527202,4.69283492262843,-1.39273032397838,-1.72225986555778,-1.61074370390214,-1.13153759055346,Leu-Leu-Arg_1
226,-1.6682064058064,-1.5135911532762,-0.820347102037426,-1.18670014857946,1.56438092336497,0.765987704338741,0.932135271935576,2.51455111943432,-1.39273032397838,-1.72225986555778,-1.61074370390214,-1.13153759055346,Leu-Trp
227,-1.6682064058064,-1.5135911532762,-1.39899032915547,-1.18670014857946,-1.45171956603147,-2.0580207055903,-1.36906958325407,-1.64109844311604,-1.39273032397838,-1.72225986555778,-1.61074370390214,-1.13153759055346,Leu-Trp_1
232,-1.6682064058064,-1.5135911532762,-1.39899032915547,-1.18670014857946,2.0952562213124,1.30222686253653,2.16491632258156,2.09344283652328,-1.39273032397838,-1.72225986555778,-1.61074370390214,-1.13153759055346,Leucine Enkephalin
151,-1.6682064058064,-1.5135911532762,-1.39899032915547,-1.18670014857946,-1.45171956603147,-2.0580207055903,-1.36906958325407,-1.64109844311604,-1.39273032397838,-1.72225986555778,-1.61074370390214,-1.13153759055346,lithocholic acid
172,3.82860090346671,-1.5135911532762,-1.39899032915547,-1.18670014857946,-1.45171956603147,-2.0580207055903,-1.36906958325407,-1.64109844311604,-1.39273032397838,-1.72225986555778,-1.61074370390214,-1.13153759055346,lithocholic acid_1
235,-1.6682064058064,-1.5135911532762,-1.39899032915547,-1.18670014857946,-1.45171956603147,-2.0580207055903,-1.36906958325407,-1.64109844311604,-1.39273032397838,-1.72225986555778,-1.61074370390214,-1.13153759055346,lumichrome
115,-1.6682064058064,-1.5135911532762,-1.39899032915547,-1.18670014857946,-1.45171956603147,-2.0580207055903,-1.36906958325407,-1.64109844311604,-1.39273032397838,-1.72225986555778,-1.61074370390214,-1.13153759055346,Lys-C16:0
288,-1.6682064058064,-1.5135911532762,-1.39899032915547,-1.18670014857946,-1.45171956603147,1.66141431842883,-1.36906958325407,-1.64109844311604,-1.39273032397838,-1.72225986555778,-1.61074370390214,-1.13153759055346,Lys-CA
255,3.99876099949632,4.00021018731735,1.9517771558215,0.868772227588416,0.830858459722355,3.25169384654465,2.76020153424851,3.06877525703737,-1.39273032397838,-1.72225986555778,-1.61074370390214,1.48520839613986,Lysine conjugated cholic acid
260,3.73166154926407,3.86559832048821,-1.39899032915547,1.47601945270912,-1.45171956603147,3.67475355385152,-1.36906958325407,-1.64109844311604,-1.39273032397838,-1.72225986555778,-1.61074370390214,-1.13153759055346,Lysine conjugated cholic acid_1
95,2.84815320985641,1.87690560899387,3.65487133013592,2.31040168071935,1.33112202065865,2.44734642112174,1.70033581451962,2.16965109773312,4.48257914734146,4.62475148938263,5.09371013829976,3.43127503099574,Lyso PC (16:1)
120,3.96953984823683,3.14384839820607,5.15100239651463,4.63220810124338,4.86320621143733,4.6902467131592,4.16648022166746,4.52006492543308,4.60951235835859,5.33125939031532,5.98784194692592,4.78018304682903,Lyso-PC(16:0)
131,7.5485533968292,7.19964972628984,8.08630781313514,7.70119169332622,7.70261962141622,7.67103607585461,7.08502648580531,7.33384062075888,8.09878456358602,8.41980885948734,8.84772020622935,7.78350761227591,Lyso-PC(16:0)_1
300,-1.6682064058064,-1.5135911532762,-1.39899032915547,-1.18670014857946,-1.45171956603147,-2.0580207055903,-1.36906958325407,-1.1629408956162,-1.39273032397838,-1.72225986555778,-1.61074370390214,-1.13153759055346,Matairesinol
268,-1.6682064058064,-1.5135911532762,-1.39899032915547,-1.18670014857946,-1.45171956603147,-2.0580207055903,-1.36906958325407,-0.179402641178259,-1.39273032397838,-1.72225986555778,-1.61074370390214,-1.13153759055346,Met-C6:0
281,-1.6682064058064,-1.5135911532762,-1.39899032915547,-1.18670014857946,-1.45171956603147,-2.0580207055903,-1.36906958325407,-1.64109844311604,-1.39273032397838,-1.72225986555778,-1.61074370390214,-1.13153759055346,Met-C6:0_1
153,4.79706133867236,2.36608798648904,3.0962253835751,2.86688731450341,-1.45171956603147,2.63948887371613,3.04404083068403,3.30898135706539,-1.39273032397838,1.17975753041718,1.63921366523524,2.15961961863724,Monoelaidin
94,-1.6682064058064,-1.5135911532762,-1.39899032915547,-1.18670014857946,-1.45171956603147,-2.0580207055903,-1.36906958325407,-1.64109844311604,-1.39273032397838,-1.72225986555778,-1.61074370390214,-1.13153759055346,"Monolinolenin (9c,12c,15c)"
166,-1.6682064058064,-1.5135911532762,-1.39899032915547,-1.18670014857946,-1.45171956603147,-2.0580207055903,-1.36906958325407,-1.64109844311604,0.510204341883775,-1.72225986555778,-1.61074370390214,-1.13153759055346,"Monolinolenin (9c,12c,15c)_1"
164,-1.6682064058064,1.18254127542096,4.07054093482615,2.37228293087281,-1.45171956603147,-2.0580207055903,2.00199524350672,0.953337757906701,-1.39273032397838,-1.72225986555778,-1.61074370390214,0.564721032546458,Monoolein
160,-1.6682064058064,-1.5135911532762,-1.39899032915547,-1.18670014857946,-1.45171956603147,-2.0580207055903,-1.36906958325407,-1.64109844311604,-1.39273032397838,-1.72225986555778,-1.61074370390214,-1.13153759055346,N-Oleoyltaurine
341,4.95842598291946,4.84982767851774,5.26688778889892,4.55432892059226,5.89327973882421,5.30968185425998,6.02995490474222,5.73892169628307,2.79743571107691,3.28540859798343,3.60715862045283,3.86351539308884,N.alpha.-Acetyl-L-lysine
293,-1.6682064058064,-1.5135911532762,-1.39899032915547,-1.18670014857946,-1.45171956603147,-2.0580207055903,-1.36906958325407,-1.64109844311604,-1.39273032397838,-1.72225986555778,-1.61074370390214,-1.13153759055346,naringenin
233,-1.6682064058064,-1.5135911532762,-1.39899032915547,-1.18670014857946,-1.45171956603147,-2.0580207055903,-1.36906958325407,-1.64109844311604,-1.39273032397838,-1.72225986555778,-1.61074370390214,-1.13153759055346,Naringin
234,-1.6682064058064,-1.5135911532762,-1.39899032915547,-1.18670014857946,-1.45171956603147,-2.0580207055903,-1.36906958325407,-1.64109844311604,-1.39273032397838,-1.72225986555778,-1.61074370390214,-1.13153759055346,Narirutin_1
140,3.31734467125469,4.72114328288077,5.98834873297912,4.98573650024386,3.80609999286006,4.32678334982783,5.20649317692491,3.1090822064718,3.70191051135481,4.27268981174015,3.86090472739717,3.84940049225226,O-arachidonoylcarnitine
169,5.81086828667061,5.64527340948936,6.11392347948355,5.61204740738877,5.24540550643448,6.0235441499908,5.67526064647157,5.59258770929918,6.01369413051382,6.23354644268159,6.17913109659214,6.12377833416376,Oleoyl L-carnitine
254,3.24678969140238,2.95681922149101,2.56050647933194,-1.18670014857946,-1.45171956603147,1.84666593056077,-1.36906958325407,-1.64109844311604,-1.39273032397838,-1.72225986555778,0.597094629901453,-1.13153759055346,Ornithine-aMCA
283,5.17318638273874,4.82494150624803,1.79332732579793,1.70044865220623,-1.45171956603147,3.74540669610784,1.76147218940937,2.26942464434655,4.23996033759049,4.64467043933156,4.75466784597048,4.63195425371468,Ornithine-CA
157,5.15483675562399,5.33234368501637,5.7855521740806,5.46060481095112,4.78679508311501,5.67786660368448,5.00165596711349,5.02916087896795,5.93601761445429,6.13309321039321,6.19115569657955,5.85831827721166,Palmitoylcarnitine -  eV
221,-1.6682064058064,-1.5135911532762,-1.39899032915547,-1.18670014857946,3.48474507588403,-2.0580207055903,-1.36906958325407,-1.64109844311604,-1.39273032397838,-1.72225986555778,-1.61074370390214,-1.13153759055346,Pantethine
118,2.73762849777312,2.07429747899679,1.88503641857979,1.26435072024234,3.27627061371695,4.58991485295156,-0.272610059858672,3.68617633513493,2.70957256594474,3.44441475458914,3.59136169142926,1.96436532596546,PC(0:0/20:4); [M+H]+ C28H51N1O7P1
105,4.11995184164522,3.76861796287762,4.57126659220333,4.29998773781467,4.11919478805015,4.30191257560984,3.76038031301626,4.10419843390981,4.44196530388817,4.42402498406891,4.86120139141271,4.0612252379883,PC(18:2/0:0); [M+H]+ C26H51N1O7P1
82,-1.6682064058064,-1.5135911532762,-1.39899032915547,-1.18670014857946,-1.45171956603147,-2.0580207055903,-1.36906958325407,-1.64109844311604,-1.39273032397838,-1.23872924122673,-1.61074370390214,-1.13153759055346,PC(18:3/0:0); [M+H]+ C26H49N1O7P1
85,-1.6682064058064,-1.5135911532762,-1.39899032915547,-1.18670014857946,-1.45171956603147,-2.0580207055903,-1.36906958325407,-1.64109844311604,-1.39273032397838,-1.72225986555778,-1.61074370390214,-1.13153759055346,PC(18:3/0:0); [M+H]+ C26H49N1O7P1_1
97,-1.6682064058064,-1.5135911532762,-1.39899032915547,-1.18670014857946,-1.45171956603147,-2.0580207055903,-1.36906958325407,-1.64109844311604,-1.39273032397838,-1.72225986555778,0.199672570945495,-1.13153759055346,PC(18:3/0:0); [M+H]+ C26H49N1O7P1_2
175,3.2159312044385,3.17680396707908,4.58640969521724,3.62702528224384,4.65094063557859,4.02690968087866,3.32348646647304,3.68865052782682,2.77587820541023,3.63696731089488,3.66518797831896,3.56799290145224,PC(20:1/0:0); [M+H]+ C28H57N1O7P1
147,-1.6682064058064,-1.5135911532762,0.846104109939056,-1.18670014857946,-1.45171956603147,0.442797178525598,-1.36906958325407,-1.64109844311604,0.95340591220994,1.70572410204888,2.27762360353478,-1.13153759055346,PC(20:2/0:0); [M+H]+ C28H55N1O7P1
161,-1.6682064058064,-1.5135911532762,-1.39899032915547,-1.18670014857946,1.79106900876052,0.812839536071897,-1.36906958325407,-1.64109844311604,-1.39273032397838,2.57401034028027,3.1013514162599,0.340957657160404,PC(20:2/0:0); [M+H]+ C28H55N1O7P1_1
125,0.696290696584942,-0.122707063316684,2.03131627509762,-1.18670014857946,1.54100867612545,1.87820663218578,-1.36906958325407,2.11843435498888,2.3680016127382,2.0700534279361,2.65774111164223,-0.475373181588077,PC(20:3/0:0); [M+H]+ C28H53N1O7P1
114,1.58805939761361,-1.5135911532762,2.38056895837854,2.39903986643249,2.08239221239685,2.47442072762377,-1.36906958325407,1.74078995764047,0.0502126230695072,4.37054170308609,4.95003480295147,-0.216948941321099,PC(20:5/0:0); [M+H]+ C28H49N1O7P1
86,2.06591207336968,1.49062266908528,-1.39899032915547,-1.18670014857946,-1.45171956603147,1.01349142971265,1.13725422129671,1.54471829940165,-1.39273032397838,-1.72225986555778,-1.61074370390214,-1.13153759055346,PE(16:1/0:0); [M+H]+ C21H43N1O7P1
89,1.92374556931615,1.4130389741131,2.80724421859733,1.90062617329816,3.02828783149991,0.678895861023042,0.970426628650673,2.0097156301911,-1.39273032397838,1.49065677829152,2.56083192472438,1.7137542413489,PE(16:1/0:0); [M+H]+ C21H43N1O7P1_1
100,0.914823922501424,-1.5135911532762,-1.39899032915547,-1.18670014857946,-1.45171956603147,-2.0580207055903,-1.36906958325407,-1.64109844311604,-1.39273032397838,-1.72225986555778,-1.61074370390214,-1.13153759055346,PE(16:1/0:0); [M+H]+ C21H43N1O7P1_2
167,5.99665881391662,5.94938833464544,7.13042469584841,6.71538568639666,7.68723229509503,6.62057368772428,6.25489337954732,6.63552621228468,4.79950593621657,5.65321314827296,3.80841339749504,5.50273151851101,PE(18:0/0:0); [M+H]+ C23H49N1O7P1
132,5.46103708692041,5.17090092437681,5.45410743973177,5.3181221708416,5.4019175133087,5.13379204920824,4.09008814605636,5.13829076477692,2.90439018364376,4.33669123392276,5.09835068400412,4.70531936680427,PE(18:1/0:0); [M+H]+ C23H47N1O7P1
99,4.6383106402367,5.21065562667944,4.18629188841682,3.72268234857933,0.409136473010382,3.61991689234502,2.67215954372973,4.12449452944821,1.92294058057044,1.87769701409722,1.50522995674602,1.14484269149885,PE(18:2/0:0); [M+H]+ C23H45N1O7P1
110,1.67994766877194,1.73615184854426,4.26306401415154,4.06246923979135,1.68096501298007,3.71127531074816,2.64348238465405,3.44918837103874,-0.473761118926253,3.53241626663477,4.16099097748044,3.57495281722925,PE(18:2/0:0); [M+H]+ C23H45N1O7P1_1
113,4.23865997571477,4.72807346688157,4.33638557961297,4.24326485827861,2.20971588973263,3.79618706019191,2.49986619861475,4.04745597255207,1.98397647494855,3.53693132305092,4.32261639378001,3.53533704485833,PE(18:2/0:0); [M+H]+ C23H45N1O7P1_2
159,0.871574845999222,-1.5135911532762,-1.39899032915547,-1.18670014857946,-1.06300470403397,-2.0580207055903,-1.36906958325407,-1.64109844311604,-1.39273032397838,-1.72225986555778,-1.61074370390214,-1.13153759055346,PE(20:1/0:0); [M+H]+ C25H51N1O7P1
111,4.98194341206513,4.67623704700032,3.84192611515823,3.64129048891267,3.41865480407615,5.51542988374388,1.48749457950839,4.44998624661789,-1.39273032397838,-0.371023759319616,1.95987603846341,-1.13153759055346,PE(20:4/0:0); [M+H]+ C25H45N1O7P1
122,0.0294262440167055,-1.5135911532762,-0.254839010912501,-1.18670014857946,3.89061958453151,-0.578926347171765,-1.36906958325407,-1.64109844311604,-1.39273032397838,-1.72225986555778,-1.61074370390214,-1.13153759055346,PE(20:4/0:0); [M+H]+ C25H45N1O7P1_1
135,6.55160551013473,5.63059237667532,6.34771932442811,6.14880862114653,3.67754900768746,4.82384501061533,5.08235877907631,4.94550552112566,4.26133469559592,4.29701004033438,5.48653163129531,5.35764140807685,PG(16:0_0:0) - 2-hydroxy-3-(2-hydroxyacetoxy)propyl palmitate
36,2.66927925326245,2.97211914549688,-1.39899032915547,0.211818496156202,-1.45171956603147,1.61930624281001,-1.36906958325407,-0.501160159972868,1.34124682890743,0.945269331877089,-0.454128215762768,-1.13153759055346,Phe-bMCA
63,2.5373392019727,2.51313218702039,-1.39899032915547,-1.18670014857946,-1.45171956603147,2.17589507458603,1.97560750025674,-1.64109844311604,-0.833923888423566,0.786821518519712,0.895504097522254,-1.13153759055346,Phe-CA
17,3.30956948632671,3.52707830137136,2.43926088691942,1.50794494279813,-1.45171956603147,1.29520079139798,2.91038925946053,2.64871238590249,0.398045725342852,1.12450171476914,0.806257280794841,-0.19824397645714,Phe-gMCA
216,-1.6682064058064,-1.5135911532762,-1.39899032915547,-1.18670014857946,2.68744679036034,2.45760520134867,3.65057694511181,3.17657437191385,-1.39273032397838,-1.72225986555778,-1.61074370390214,-1.13153759055346,Phe-Leu
224,-1.6682064058064,-1.5135911532762,-1.39899032915547,-1.18670014857946,-1.45171956603147,-2.0580207055903,-1.36906958325407,-1.64109844311604,-1.39273032397838,-1.72225986555778,-1.61074370390214,-1.13153759055346,Phe-Leu_1
230,-1.6682064058064,1.34208038525269,0.780265752650892,0.852347754243368,-0.70542077121137,-1.19186420740914,-1.36906958325407,-1.64109844311604,-1.39273032397838,-1.72225986555778,-1.61074370390214,-1.13153759055346,Phe-Phe
24,-1.6682064058064,-1.5135911532762,-1.39899032915547,-1.18670014857946,-1.45171956603147,-2.0580207055903,-1.36906958325407,-1.64109844311604,-1.39273032397838,-1.72225986555778,-1.61074370390214,-1.13153759055346,Pinocembrine
238,-1.6682064058064,-1.5135911532762,-1.39899032915547,-1.18670014857946,-1.45171956603147,-2.0580207055903,-1.36906958325407,-1.64109844311604,-1.39273032397838,-1.72225986555778,-1.61074370390214,-1.13153759055346,Prunin
69,-1.6682064058064,-1.5135911532762,-1.39899032915547,-1.18670014857946,-1.45171956603147,-2.0580207055903,-1.36906958325407,-1.64109844311604,-1.39273032397838,-1.72225986555778,-1.61074370390214,-1.13153759055346,Pterostilbene
29,-1.6682064058064,-1.5135911532762,-1.39899032915547,4.83221080402419,-1.45171956603147,-2.0580207055903,-1.36906958325407,-1.64109844311604,5.61873933080221,4.22507323203153,-1.61074370390214,-1.13153759055346,Sakuranetin
197,-1.6682064058064,-1.5135911532762,-0.819757649903668,-1.18670014857946,3.28862094657258,2.85036082332001,3.49862169251062,3.09630534929179,-1.39273032397838,-1.72225986555778,-1.61074370390214,-1.13153759055346,Ser-Leu
214,-1.6682064058064,-1.5135911532762,-1.39899032915547,-1.18670014857946,-1.45171956603147,-2.0580207055903,-1.36906958325407,-1.64109844311604,-1.39273032397838,-1.72225986555778,-1.61074370390214,-1.13153759055346,Sinapine|2-[(E)-3-(4-hydroxy-3
174,-1.6682064058064,-1.5135911532762,-1.39899032915547,-1.18670014857946,-1.45171956603147,-2.0580207055903,-1.36906958325407,-1.64109844311604,-1.39273032397838,-1.72225986555778,-1.61074370390214,-1.13153759055346,Soyaspongenol C
302,-1.6682064058064,-1.5135911532762,-1.39899032915547,-1.18670014857946,-1.45171956603147,-2.0580207055903,-1.36906958325407,-1.64109844311604,5.56957243687029,5.66554621780432,4.16964762857973,2.69987967703629,Stearidonic acid
277,5.27716008053598,5.00770989830537,4.10707799812629,4.17262047957651,5.13524006509732,4.89629640633419,4.66073788801698,5.02799291872457,-1.39273032397838,0.711132705237628,0.418660333502941,-1.13153759055346,Stercobilin
126,-1.6682064058064,-1.5135911532762,-1.39899032915547,-1.18670014857946,-1.45171956603147,0.456244772677906,-1.36906958325407,-1.64109844311604,-0.496267960684094,-0.104270053651151,-1.61074370390214,0.510678992567718,Tau-C18:2
250,1.18270055271247,-1.5135911532762,-0.880724027447307,-1.18670014857946,-0.953152920280613,1.8981120342895,-1.36906958325407,0.210719848304855,-1.39273032397838,2.25009994436101,1.40522449863975,0.211142003396423,TAUROCHOLIC ACID
261,5.49826038164944,4.54322520023465,4.73658315118368,4.61931151567491,3.89137106419541,5.88371679528599,3.8211224260541,4.44450117082196,4.20170102585998,5.20320996117193,4.37246669266803,4.10396176335107,Taurocholic acid_1
262,4.37908771848443,4.22028858241762,4.13783677890849,4.81733799471003,3.14313529789909,5.54164289164057,3.13822619365765,3.80787465951464,4.94158502463081,5.54246364768261,4.43729703842716,3.55602879520799,Taurocholic acid_2
263,-0.985072925567744,-1.5135911532762,-1.39899032915547,-1.18670014857946,-1.45171956603147,0.870890358819019,-1.36906958325407,-1.64109844311604,0.298444610882773,2.53071557483142,-0.487820343997896,-1.13153759055346,Taurocholic acid_3
264,-1.6682064058064,2.38551105446225,2.36372403262259,3.23235892837071,-1.45171956603147,3.08634179529096,-0.14607059677834,0.936369421536829,3.25991525446013,4.31405271307715,-0.194433910338422,-0.267331644158165,Taurocholic acid_4
269,3.69745024358193,4.41237292869292,4.29809982827227,4.88769991433203,0.594710524431638,1.73700265368033,0.0570284254753934,2.71423744315002,4.96393053464533,6.1475610349111,4.38236577923898,2.87237884069651,Taurocholic acid_5
296,-1.6682064058064,-1.5135911532762,-1.39899032915547,-0.846356221622072,-1.45171956603147,1.32733922468393,-1.36906958325407,-1.64109844311604,-1.39273032397838,-0.127740782740626,-1.61074370390214,-1.13153759055346,Taurocholic acid_6
297,-1.6682064058064,0.51082352472508,0.819217403955544,1.17291581484785,-0.312786792705141,1.8114976735552,0.291908540700081,0.922406954143644,1.8137558589222,-1.72225986555778,-1.61074370390214,-1.13153759055346,Taurocholic acid_7
298,-1.6682064058064,-1.5135911532762,-0.593572101472295,3.41016325043508,0.909355958916111,2.06790326978512,0.998927235832628,-1.64109844311604,4.36878217948047,4.37015362336719,-1.61074370390214,0.826262544018925,Taurocholic acid_8
299,-1.6682064058064,-1.5135911532762,-1.39899032915547,0.814287988944303,-1.45171956603147,2.07550145224991,-1.36906958325407,-1.64109844311604,2.76722051749766,1.12293482270426,1.15643088436088,-1.13153759055346,Taurocholic acid_9
301,2.99537755651796,2.76671658536438,3.03170609207238,4.56118485122776,2.60869531056692,4.17370414125025,3.19035936918156,3.02529443044269,4.83533475822035,4.70766363672588,4.22524368213937,2.5271071235991,Taurocholic acid_10
304,-1.6682064058064,-1.5135911532762,0.769498222885681,0.614641046721683,-1.45171956603147,-0.114748090729195,-1.36906958325407,-1.64109844311604,2.68191371287781,2.66272963738849,1.04863132641864,-1.13153759055346,Taurocholic acid_11
309,-0.233191421861703,0.862774222132733,-1.39899032915547,0.278125889071306,-1.45171956603147,0.252999505208906,0.601660751692871,0.224887953775281,-0.577593869397041,1.99926333696272,1.92629282214253,1.18488505060081,Taurocholic acid_12
311,-1.6682064058064,-1.5135911532762,-1.39899032915547,-1.18670014857946,-1.45171956603147,-2.0580207055903,-1.36906958325407,-1.64109844311604,-1.39273032397838,-1.72225986555778,-1.61074370390214,-1.13153759055346,Taurocholic acid_13
312,-1.6682064058064,-1.5135911532762,-1.39899032915547,-1.18670014857946,-1.45171956603147,-2.0580207055903,-1.36906958325407,-1.64109844311604,-1.39273032397838,-1.72225986555778,-1.61074370390214,-1.13153759055346,Taurocholic acid_14
252,-1.6682064058064,-1.5135911532762,-1.39899032915547,-1.18670014857946,-1.45171956603147,-2.0580207055903,-1.36906958325407,-1.64109844311604,-1.39273032397838,-1.72225986555778,-1.61074370390214,-1.13153759055346,Taurocholic Acid Sulfate
363,-1.6682064058064,-1.5135911532762,4.48728784938769,0.850767218044556,2.48854415960329,-2.0580207055903,3.02828764535587,-1.64109844311604,0.767010668970308,-1.72225986555778,1.64777154986447,-1.13153759055346,taurodeoxycholic acid
265,5.26979899134248,4.49549803634978,4.74717892795017,4.71183694127694,3.87763609030075,5.56923118141937,3.80844949203425,4.47002586075025,4.42052863647794,5.80704331004608,4.48427909290046,4.12024236413884,taurohyocholic acid_15
275,-1.6682064058064,-1.5135911532762,-1.39899032915547,-1.18670014857946,-1.45171956603147,-2.0580207055903,-1.36906958325407,-1.64109844311604,-1.39273032397838,1.07374578175163,-1.61074370390214,-1.13153759055346,taurohyocholic acid_16
102,-1.6682064058064,-1.5135911532762,-1.39899032915547,-1.18670014857946,-1.45171956603147,-2.0580207055903,-1.36906958325407,-1.64109844311604,5.15071794492673,-1.72225986555778,-1.61074370390214,-1.13153759055346,Tetradecanoyl-L-Carnitine|L-Myristoylcarnitine|(3R)-3-tetradecanoyloxy-4-(trimethylazaniumyl)butanoate
116,2.91454262753845,-1.5135911532762,3.63282733297474,3.74998305864823,3.46686802482438,4.35507740063379,3.64580749539118,2.50390597548024,4.47174735470672,5.11605550325499,4.69908351678771,4.77118204322662,Tetradecanoyl-L-Carnitine|L-Myristoylcarnitine|(3R)-3-tetradecanoyloxy-4-(trimethylazaniumyl)butanoate_1
282,2.73921013990704,3.90505781515115,3.157087813769,2.81135069476674,-1.45171956603147,0.345324121392156,2.54914899941137,2.77599671417439,1.41673557458851,-0.264676751985236,-0.65215318236601,-1.13153759055346,Thr-aMCA
345,-1.6682064058064,2.26987058231071,-1.39899032915547,-1.18670014857946,-1.45171956603147,-2.0580207055903,-1.36906958325407,-1.64109844311604,-1.39273032397838,0.675274880498176,-1.61074370390214,-1.13153759055346,Thr-CA
33,-1.6682064058064,-1.5135911532762,-1.39899032915547,-1.18670014857946,-1.45171956603147,-2.0580207055903,-1.36906958325407,-1.64109844311604,-1.39273032397838,-1.72225986555778,-1.61074370390214,-1.13153759055346,Thr-DCA
291,1.77470945730038,3.30642504814182,2.26956446738056,2.49123410893471,-1.45171956603147,0.823512948818389,-0.226493219353273,1.27785532978315,0.806125285816633,1.86838901760538,0.265880600724685,-1.13153759055346,Thr-gMCA
148,5.34812015736662,5.36003290890719,6.54957365859676,6.37299743065096,6.23854308395103,5.44476828351792,5.25602333147627,5.89759209881556,4.41626170256023,5.40095836973584,5.99763077047864,4.85791405901902,TOP 8 Psoriasis feature - Unknown FeatureID=4262
178,5.28370496056899,4.82282530744701,5.78130534443302,5.83965335398527,6.78053825348544,5.77453691503033,4.96675557725389,6.34730405868104,4.17099085265367,5.09363232050417,5.84415829091292,5.11997711391642,TOP19 Psoriasis feature - Unknown FeatureID=3668
242,-0.1141988213811,-1.5135911532762,1.02532878476861,0.971104302423933,-1.45171956603147,-2.0580207055903,-1.36906958325407,-1.64109844311604,6.5858704483185,6.56705469282922,6.29278799505222,6.4359161293922,Traumatic Acid
245,-1.6682064058064,-1.5135911532762,-1.39899032915547,-1.18670014857946,-1.45171956603147,-2.0580207055903,-1.36906958325407,-1.64109844311604,1.26706723513013,-0.289018799544773,1.48483947093517,-1.13153759055346,Traumatic Acid_1
289,-1.6682064058064,-1.5135911532762,-1.39899032915547,-1.18670014857946,1.67639072693447,-2.0580207055903,-1.36906958325407,-1.64109844311604,-1.39273032397838,-1.72225986555778,-1.61074370390214,-1.13153759055346,Traumatic Acid_2
307,-1.6682064058064,-1.5135911532762,1.63418910771968,2.92410026767154,-1.45171956603147,-0.270752470895244,2.97182085410387,-1.64109844311604,4.14241657561746,2.0423769367026,-1.61074370390214,-1.13153759055346,TREMULACIN
141,-1.6682064058064,6.58485477815569,-1.39899032915547,-1.18670014857946,-1.45171956603147,-2.0580207055903,1.01955856753075,-1.64109844311604,-1.39273032397838,-1.72225986555778,-1.61074370390214,-1.13153759055346,Tris(2-butoxyethyl) phosphate
13,3.69183376551551,3.89901765776657,3.20825365740195,2.81868843429612,0.496110790399259,2.55914784617975,2.78910553626468,3.62654982646989,-1.39273032397838,-1.72225986555778,-1.61074370390214,1.62201387510971,Trp-bMCA
45,-1.6682064058064,-1.5135911532762,-1.39899032915547,-1.18670014857946,-1.45171956603147,-2.0580207055903,-1.36906958325407,-1.64109844311604,-1.39273032397838,-1.72225986555778,-1.61074370390214,-1.13153759055346,Trp-CA
348,0.32727764081944,-1.5135911532762,1.93497835524139,1.98517980141905,-1.45171956603147,0.210294377050901,-1.36906958325407,0.510664313853121,-1.39273032397838,0.913372330602757,-0.494636745416492,-0.709613596712511,Tyr-bMCA
7,0.311204143045365,2.58410176519318,-1.39899032915547,-1.18670014857946,-1.45171956603147,-2.0580207055903,-1.36906958325407,-1.64109844311604,-0.371683544814887,0.00907929299148336,0.129265530020978,-1.13153759055346,Tyr-CA
333,3.92669790968733,4.18963852311255,3.21224996780415,2.96898394947055,-1.45171956603147,2.33880109753685,3.82607534823133,3.06171498540353,-1.39273032397838,-1.72225986555778,-1.61074370390214,-0.406582828243943,Tyr-gMCA
217,-1.6682064058064,-1.5135911532762,-1.03957165269568,-1.18670014857946,-1.45171956603147,-2.0580207055903,-1.36906958325407,-1.64109844311604,-1.39273032397838,-1.72225986555778,-1.61074370390214,-1.13153759055346,Tyr-Phe
273,6.90015627868353,6.67306791375878,6.26789874687306,6.05271421506801,5.67338172908323,6.64867126694319,5.74192756341161,6.62512299599305,3.32429971116836,4.76645186750198,3.90050739769748,2.52491660258362,Urobilin
367,7.19260188650282,7.42909363063197,6.37636784562902,6.22293985557205,6.62314954254609,6.60613488838031,6.07391366928862,5.68461850917706,6.08531760085408,6.19509952763425,5.8966721739741,6.28997301641716,URSOCHOLIC ACID
22,0.92531640664575,6.5666819643033,4.31209520151065,1.50996196160362,1.9829266634405,4.61395919446147,-1.36906958325407,0.883559342313169,-1.39273032397838,5.21922051302535,-1.61074370390214,-1.13153759055346,URSODEOXYCHOLATE
40,8.65180878063522,8.70265347343523,8.23574448488759,8.48307575611057,7.13454019785944,7.6827254370522,8.68035147703303,8.43728261734004,6.88982662263098,6.68608631615713,6.61225248228607,6.97546386363155,URSODEOXYCHOLATE_1
15,-1.6682064058064,-1.5135911532762,-1.39899032915547,-1.18670014857946,-1.45171956603147,-2.0580207055903,-1.36906958325407,-1.64109844311604,-1.39273032397838,-1.72225986555778,-1.61074370390214,-1.13153759055346,Val-CDCA
65,-1.6682064058064,-1.5135911532762,-1.39899032915547,-1.18670014857946,-1.45171956603147,-2.0580207055903,-1.36906958325407,-1.64109844311604,-1.39273032397838,-1.72225986555778,-1.61074370390214,-1.13153759055346,Val-HDCA
